rot,p1,p2,p3,p4,p5,p6,p7,p8,p9,p10,p11,p12,p13,p14,p15,p16,p17,p18,p19,p20,p21,p22,p23,p24,p25,p26,p27,p28,p29,p30,p31,p32,p33
practice,14.7291868424027,-14.965067219472,148.592010840181,-1.15955536642365,16.0475012730938,-26.6992665103934,10.4252624259313,-3.64440424806265,1.99088151774261,7.10399445947983,-159.59650629823,0.822692758906468,-149.853611170285,13.9330127161097,2.34405394834239,6.45187547814105,-164.700331310447,-176.621636755221,47.0499577652926,-163.01916610607,-6.79558041030596,2.52921481680839,-21.2791378744136,18.0105975748402,0.614219596371776,7.38688252150505,6.43426137049074,3.35733965602539,4.17554575939703,6.24558340140566,13.1277079981833,-3.782811010816,-1.74732005185811
practice,10.5850902190631,9.44696590110142,1.73928054545222,6.57196364586636,-141.557927766789,-12.9392162887845,17.6919109651038,126.839028488092,-3.35733965602538,-8.08009055275301,7.50466140381244,10.7190503949299,9.89465262218099,-18.0105975748402,3.46814276482306,0.0817483562352682,0.99942715271303,-4.39525617346925,14.3853871705805,-5.64325084900161,2.00516186143407,3.30547266091023,-1.87974668481356,7.20172845108082,11.9093874490729,-3.60514723113245,8.51500029032044,5.15104728819045,10.5142306967286,14.4924005808213,5.22734207254687,-10.0174265660463,-5.34286535296123
practice,10.3672753632255,13.8494033523873,0.531709024366297,-0.870901937820907,16.2031330547472,-6.31370762870581,12.809282617725,-4.85588024955256,0.327973977506908,-5.84977552541655,-7.70485159645305,11.0468251037347,-0.999661674365829,-155.453114765492,-0.561000372106779,7.45978907619874,-10.0814972254527,0.0691954178618739,3.68759973627048,-0.963756532073524,-0.227052397412676,-5.89239793943077,-4.06144366862978,17.2892585609765,3.79472861703461,14.71225355854,6.70285503016313,-0.678588965908144,-12.5240242033895,6.78684565622337,-4.42468327979861,-9.76251783397713,-0.457888397026159
practice,12.144278049567,-5.53767779197439,1.9532977302718,17.5993861489372,12.4943856923895,-2.48721578306608,10.0595647730218,5.55604521958346,2.46808922135762,-170.855327805807,-6.74243083003279,-1.43455771586577,-0.89288986843005,-0.480716532293832,17.6757890277579,-0.507872584014449,8.94381258959547,4.71627283098493,7.70792203413489,4.7065679397906,1.79061262277034,4.86799459414464,-2.74765248803596,-3.09346524678578,-3.05718308646583,9.54941956106298,18.0657547613224,4.22667398728637,1.51561071726841,13.5578618427524,4.7783289862094,-3.82499777796906,13.8882103743003
practice,5.45562379494376,-1.84677983753616,8.51233198790043,10.8443904841606,2.38669574483523,-3.2960515003944,1.75346347482605,5.68236945614821,-8.77860404410998,-3.37630351594585,14.3265102860287,14.011574572141,-4.11084274455991,4.64837618092223,2.83794805543764,-3.04541598635404,11.0468251037347,10.353419578654,12.7089798439031,11.0275674156931,-3.20697507178135,3.60514723113244,2.65973271628147,16.5092571077669,9.92474329242183,-8.41307910201487,4.9232410365936,-0.89288986843005,14.3334560576629,-1.35100144394719,-0.0335134908161436,-11.6078992614671,-3.20099318057856
practice,6.53383574316191,-12.5089661883714,-2.87627763733455,4.5266577790056,9.07464130100431,-9.90196618120204,-3.06678734366323,11.942868046197,10.4200192216308,22.6331544740403,7.33428533182293,-4.20406135863775,4.06791565702755,-1.90906862548368,7.84007378405837,-2.00500696832647,-10.8443904841606,7.35764271025264,4.69116406082473,0.0734021459570273,-7.20531148607835,19.2789603285828,4.10674007901602,10.7341151153403,13.2078877513155,5.59882247063825,9.82067882045167,8.61550947611563,-1.19941437033669,3.60243759033576,0.45981462405923,-10.9839516416392,4.46051660757326
practice,4.66018967691915,3.11188662562769,-1.02357575718141,3.6108047022312,4.05584182847998,-6.17876754656911,14.1447874399929,-5.80051066329757,-3.11363000489137,-21.1448669331164,7.1426287526652,0.23570227503402,2.82128560809494,8.91044922337673,1.58099717365208,5.95288938974095,21.4581282453944,8.85589564409067,7.81899276785637,-0.886158932521922,10.7593797554583,1.37122392235276,-3.1232527204991,18.0483055326357,5.0080696613494,13.4493732999283,14.4215593126215,-7.10399445947982,3.99652049095657,3.83927635718359,6.49195400675314,2.52496397745397,9.30304500701591
practice,-8.95901438813119,11.6078992614671,7.8332413175057,5.22734207254687,8.06913114897195,-4.11084274455991,4.58374568709023,-5.96899053495139,2.82546616667984,-4.11074145350184,0.999661674365822,3.42917061217882,-3.97513779916641,3.30336280996733,8.14448577594258,5.52526821487288,-6.67096385029158,12.1714216199086,12.8491849114359,13.281585380364,-8.33549551518203,-9.37411735496253,4.69116406082473,-10.7990852970021,-5.54372957156805,-4.76383555467593,8.85513306688361,8.19047349134901,3.93947904463291,1.95826386604013,-3.43336905834025,-4.11771445644774,0.732674809839827
practice,3.61712874795896,-3.79224126789512,2.69484251041147,1.67398219356696,-0.731780287845059,6.90848782560042,7.13844350626549,14.2077655717191,4.74235725493103,-0.343770309187346,-2.2325280785591,2.46651294644702,-3.20710472550995,19.2789603285828,-5.08431965343661,7.702709931389,15.6091066528098,26.7469209547197,-5.80051066329757,-6.78684565622338,8.72327081036363,-1.73183859087775,0.540577874382067,-8.74381840572063,-1.21023876426094,48.2393449079526,10.353419578654,-14.9034873663468,3.52949718727991,1.74615584369627,3.5580945109871,-3.89653543849226,-0.623813119312242
practice,-10.353419578654,-1.96193725642288,-4.71627283098493,6.60981613315118,5.77252252793904,0.127662203134381,10.1421966707361,-4.3491122462854,-1.79553956173614,7.6218307826,3.73678632901901,2.76347294900016,-5.85625534113427,-10.0595647730218,8.74200427130495,-3.39881037520038,-11.2275692146278,4.21857408595099,-3.32128542856401,5.50849105885105,11.8715011427786,17.6991177094101,-11.9765676312099,-3.21414274209992,12.7420652411297,11.3252080310274,10.46532779272,-5.84977552541655,11.9894024251598,-8.04933338578729,-4.4891392528066,-8.49448550028192,11.5225065278528
practice,17.0026107905314,-8.46118499087376,-2.28436573021544,11.960885089914,7.42709668988001,-2.11152963666314,10.4535035197213,21.9121564201619,0.963756532073519,22.1910106494717,3.5879728976219,11.314797992855,10.0459602159206,8.41307910201486,1.12321632831177,5.78354166335177,20.9702685422456,27.1622752361032,3.79472861703461,6.0751427677415,-9.92474329242184,4.42974677234906,-0.188553255666213,5.92733700749513,2.68122291332989,-1.5464029478613,12.3097888127828,6.30251750236164,-6.3074053304654,10.1786257764007,9.30144368254508,-3.86098802359212,9.83993107936439
practice,3.23171106797935,6.43426137049074,3.61712874795896,2.10887193191255,-2.28763878705708,-6.24581013110091,7.46061637405287,24.4011775293618,6.95531894795291,19.9876126085045,10.8008103233448,8.46118499087378,-2.17872119578893,-2.21325770999579,-8.02298297149817,2.2090867913323,6.18984980875362,7.16038101870173,7.05323669100373,-18.3729844221937,2.09976497230635,5.7658586760699,-2.21325770999579,6.00132157447847,6.97011334587867,-1.04835633929621,9.99634772235589,-8.14631704819294,6.39378912873219,0.0734021459570273,-1.98449044024206,4.69734652684134,-0.646489164342256
practice,-1.58162120774646,-9.07398705027855,-1.30080158034747,15.0293795128296,6.87883844898575,-6.24558340140565,2.59572232342826,-11.0087019305995,-3.71931233389747,10.4580044887788,2.34839088113923,5.32561619470521,3.70281165871382,19.6835136973081,8.75885142743473,5.87764404383192,-4.98560497321848,53.6862923712942,2.00516186143407,-7.96572823721371,1.89490210254331,7.33060750658834,-1.72966612770873,-0.372292726509547,9.20262310900083,-7.96572823721371,1.40181083603651,-0.963756532073524,10.8050073632967,-1.28113307537998,6.03729925417392,-15.2210259291546,-4.79861698181817
practice,20.4664870245535,-3.49340516953302,-1.42145481702744,8.52892894040606,7.35771731708016,-12.972209566794,6.30740533046539,29.1313583976097,8.77046086466153,9.99824488646395,6.37961412181439,-2.75758081375676,4.97326037539302,18.3673354742909,-4.52334938391808,10.295686196523,-3.99652049095658,-0.0423675171492194,4.8666137702489,-5.22345897814034,9.5371143239894,-5.69261465866694,2.2090867913323,3.67035799829053,-1.87974668481356,2.88959542975528,-3.94847188511484,-0.415351456477926,1.40276473097105,0.561000372106774,8.28553775813745,-2.44318038750601,-1.24446274941465
practice,0.737892413677208,-4.4673294018177,9.43524559590405,14.2508232527353,0.523319514099848,0.614219596371776,17.8343392159946,9.43524559590405,-0.353945935174068,-0.581976142268417,5.4699023404606,-5.78683497612483,-0.197298781820629,28.9648720535573,11.9342452386776,-1.79255284215444,10.713182529901,6.84117141531364,-14.2588203953756,11.2782900319395,0.881474280832568,15.5288909590233,-4.72481826209478,9.35462323823771,1.86364730999566,6.49195400675314,0.308812633293998,4.64837618092223,9.98004145002203,15.1722781521363,-2.23180526967091,-4.52665777900561,-2.41121240085035
practice,0.834214642871447,-9.94577612145408,8.28493554112801,14.2532936968326,2.46396506561564,-0.585814762722834,4.97326037539302,10.4213751178744,-4.69378436414892,9.96590699305513,-169.512337127183,10.353419578654,-6.16397568740341,7.71145321880496,-2.22660164527982,4.72750338927911,6.5100066558715,2.50359422494274,4.8834184049766,7.85027590159735,-2.83772476389677,10.0207784542897,-4.50244850666222,12.0835412669995,-1.47093757192913,2.47113162474328,-4.42974677234906,-5.15451428679862,7.29504371066745,8.14448577594258,12.9973892094686,8.74084519927554,2.56005388554656
baseline,9.84444979691822,18.0605426859724,-161.458120131265,12.6389298584378,9.11772989734574,3.64440424806266,10.624894837742,1.58099717365208,-131.94883836605,-1.10200753886286,1.3479113251637,0.537284768395858,-3.25307904528027,-0.347966664004067,-142.027130663226,9.56235756211422,17.574322009548,-1.15832444139898,-12.1057693476838,7.08459585006279,7.32446689763989,2.28436573021545,4.74375521997835,14.397806256215,-9.34435078715224,6.81543337147882,15.6433040659496,-2.21904167839024,4.99958413125158,10.8010507404439,-2.98860505035617,0.582879323380273,0.16869466739521
baseline,-6.21548387315578,-2.52479253265807,22.8055964619693,7.43361117576679,12.5089661883714,5.28716390961142,11.6447644961063,1.06329927396442,-10.7200846015206,16.5418864195492,-8.70082792124885,-4.58230596541279,7.00118416762547,-5.02607394892317,-0.353945935174068,7.34143503491871,8.04933338578728,-5.65948184016247,7.5234732022439,1.62615105034528,6.07427195519486,26.3891952977688,5.27762855562271,8.05256278140135,10.4768289927456,4.93211380617336,-1.65153847325668,0.23570227503402,13.9524987269062,13.646265024351,7.20172845108082,-6.36562959150702,-1.83708595300978
baseline,-4.22667398728636,-12.1183577710991,0.133513025140896,6.97011334587867,-4.5387286114655,-0.297849681669225,4.2716348854679,5.22345897814033,-3.10954455172636,14.4164219242794,11.4660175512663,1.50653709253818,-0.46798312437024,-1.31796446321992,-1.68983648795961,5.45431147483921,0.744812660353062,0.644530923776615,-1.68983648795961,6.17713522587107,8.17408251791744,11.5995441979352,13.8929883505145,-5.32561619470522,2.81387025531367,1.54640294786129,2.46518575967873,-13.0654676678635,8.04933338578728,4.62184149430737,-1.59786397445782,3.36648911376047,-2.87008846913699
baseline,-0.504804331573613,2.45725513947478,1.15104424006355,12.7859436927398,1.06062445708719,1.23800448081591,15.3409388373986,27.8135468504998,5.63067627386187,13.4074010887435,9.92881375021392,9.57267220755387,0.848681722347057,31.4834964935201,2.08065392749581,17.3382442680091,18.8861439817321,19.1305893672801,11.6173144102744,-3.43336905834025,-3.10954455172636,5.95216809998223,1.30644984799874,7.20172845108082,5.32693069035384,-14.8393514916088,-2.01051698674552,8.22545343410835,8.65669505919539,-6.49461098177004,6.30740533046539,7.33564539231374,8.93801663345836
baseline,11.0193056753824,-10.4701896037195,8.06008626977662,8.30745887200636,-4.31717891057097,9.03112210772955,4.55992063285793,16.868026381331,13.9489940723763,-7.95800151264746,-8.5562900672943,4.47031704115298,12.4502492892865,-2.34849829956326,-2.74765248803596,8.04142033016062,6.90140344870146,14.6718811001407,1.25193800047253,-1.24182862756212,3.89653543849227,6.44699847300574,9.54228671258331,5.56720834143014,3.88822367733489,-0.163317014675661,2.77315214568873,-7.79065387185372,3.96306460832933,7.07344536456957,2.46651294644702,1.56298644317424,2.00468580398795
baseline,-2.59042655560996,-4.6004753649556,-3.61936144030515,12.3136549390714,12.1344333619691,2.96955542108199,5.44263938645326,-8.29340271986133,3.321285428564,18.6683499270244,5.23791043665619,2.59042655560995,6.33682664912611,13.4412356651079,17.7315216079971,5.90854625053428,11.7278272309558,-10.7185223310528,-1.02565646492785,11.2782900319395,0.678761475965576,6.51251485293014,1.86055786792527,-3.46435292642661,-0.849279284462778,14.9457672319523,-6.24767919566803,-8.01598815605717,2.75758081375677,0.297094762985731,4.75008308814436,-7.59110929230733,-2.11348628865133
baseline,-5.14271103442982,-2.86726172114068,7.61986494804042,6.49461098177003,7.61986494804042,1.62691859934105,3.2583504102977,4.16214723011635,10.5124159797466,15.107137340121,15,9.27377795230948,11.0151934965418,4.77792017326301,8.05347203893153,5.79417879440076,6.57196364586636,2.60154084864044,15.2708131575973,2.34405394834239,8.4910205180554,10.0543829316663,-13.3226510783988,4.17298447607951,-0.678761475965584,0.680412798460234,-2.97201238672395,-2.46396506561565,8.4755116046954,-4.58006955283124,1.61222857227671,-3.60683559243794,8.41484707453093
baseline,2.23203400372874,4.47861843799781,2.60922879992317,9.59092886357265,10.3316811575067,-1.58399964651844,7.00644098902055,5.36246652045396,-14.6217933574352,2.29146270970477,19.3947490097067,10.0174265660463,-7.30138177148322,-3.59680838826289,-0.0923749323153147,-2.77543691459921,5.05062813127474,3.43336905834024,-1.92267216977065,6.79676135046131,-5.70775683001101,3.6838457546231,0.598177202542303,-1.26992880690454,-5.81823277492666,8.71182295426102,0.658208616536846,11.9894024251598,-0.701562489782054,11.4349473274348,5.07664438142374,3.61487465484967,-0.912889634647465
baseline,-2.95723921962841,0.493322477459978,8.01598815605717,-1.5464029478613,8.28553775813745,5.10815579146106,9.05417821335851,32.2232379841529,5.18920192530965,11.1489423307465,-3.65023192457304,0.480716532293827,-4.06630583212065,14.0437015353357,-1.62691859934105,1.80148579348871,2.22660164527981,5.28476515359268,-2.71741882006248,1.47062137237131,2.65163856643965,0.737892413677208,1.84765988212557,0.21900734225201,-6.0374445741654,6.10659030313658,18.1426173362216,5.38425318146237,13.1092627988396,-6.62301559798307,5.26832102003615,1.30968342354782,3.06167050046448
baseline,-4.21168869874314,4.69378436414892,9.39611821929225,1.10200753886285,-1.65153847325668,15.1248497570249,-6.84963935977647,13.5020822688192,-4.82114226737774,11.6321839950621,23.4852881986988,6.84500273583309,-0.216646079482167,6.53014145630395,-4.16149449710443,-8.96807730780603,15.7482976230868,16.9345323321365,-2.95931667947788,17.2921540025394,1.9532977302718,9.0531369460265,-4.70757217606873,-5.01562465003168,5.20647462981888,-2.25552771402394,-0.523319514099838,-1.35007848827237,1.73928054545222,11.8172686800418,3.71931233389748,0.47371895998368,2.17257131497893
baseline,12.7590551303968,-6.10659030313658,11.4349473274348,-4.26709504126144,4.86799459414464,-6.81137564343593,11.9158600641344,-11.3206514080817,-12.7420652411297,19.646580421346,-1.5464029478613,0.216646079482177,7.53858890623792,0.530386350357449,-1.79553956173614,-6.90848782560041,9.86757052018188,-4.46549790699715,4.41670984815002,8.11363439785926,0.581976142268427,-5.07909203345029,-0.870901937820907,10.2412241973381,-6.70980014233929,-9.51831579565634,4.11443003485483,3.92033294352189,21.6823212378874,-4.85588024955256,-1.75346347482606,1.37872368813817,-4.12443359812714
baseline,0.458654447988026,9.15612547010632,0.731780287845051,19.0751499862565,1.92440497524343,3.34917717279076,4.82820223127531,22.9838887813227,12.3080890348962,13.5229581908929,-23.4046895510323,8.08063763382633,10.6763231374204,8.05256278140135,10.6931740133543,-2.47113162474328,20.8064979818167,-2.79200666526228,-6.22409665899215,-6.19582237741487,7.48362085636881,9.13189873296783,-6.19278682181835,6.51061051684564,12.8119369046932,13.9524987269062,11.0267143314647,-0.589950239443656,1.75346347482605,5.82562331856659,7.49786447230441,-4.35140643501286,-3.69807609308838
baseline,-4.03003421730908,-1.63025140783197,-1.79061262277034,-0.725151600810902,-2.3106943956001,-6.06591567961322,11.1138560182679,4.76513558448901,3.45411908348624,2.21441536755249,10.9651569481343,4.72481826209478,-2.63627013098345,0.790641619028753,-8.2436048785339,8.86526104467535,-12.8883422155955,-7.55040758165697,2.59042655560995,1.57694176606025,-1.84759423517411,3.61712874795896,1.15955536642366,9.2800335339472,13.5022687108374,8.52535710202491,-4.31717891057097,-2.95527100106545,10.0266240905778,-2.75758081375676,4.52472828635047,0.916258902953061,10.0672969562909
baseline,6.5484085744004,-7.67977546934013,0.141704216654785,10.7291268784073,11.6425857070749,5.22734207254687,-2.96722726994522,-11.3030453686862,8.78767606014739,13.3947701163972,4.55999026599595,6.28792458225561,13.4722619889152,-0.797399515506294,-13.2078877513155,2.60715611874232,12.2813468795031,7.91931235488005,7.65961517039475,3.11862537235365,1.65977852335903,-0.773416295696078,2.09180835652281,-0.367225765753474,-3.95662150138814,0.652397026875972,1.82639617903526,-1.62615105034528,0.155738739734861,0.658208616536846,-1.58426526362157,1.84752986129456,-2.71847556248517
baseline,-6.65469382137577,-9.35141297854521,1.15104424006355,10.5126889059423,-0.180806977438655,-0.415351456477926,13.5022687108374,21.6293424396789,2.61588800651026,10.7581133796914,-10.1924095222029,14.3790983629171,6.95531894795291,14.1855303899683,-1.27279747436743,5.62231716207801,6.30740533046539,-3.49735921433367,22.077513780063,7.66255814726234,43.0712543797065,10.1354706341627,-0.396261146837841,1.45374903215494,3.61712874795896,4.21632716343131,7.80992486739334,-1.73183859087775,0.362418153549256,6.0927442025839,2.76253876362455,-7.32846219354957,2.58510079715165
baseline,-0.337347939955472,3.90345922171492,9.7678983841354,0.511027722214759,7.8332413175057,6.4289127280569,3.00137829155704,12.9410519210058,-7.07922232391772,16.6441728566766,-15.9391067370022,-2.11603196116647,3.61487465484967,7.04891985896241,5.29857805849761,-1.83675400274743,6.79279137212209,3.02200283165863,0.759708882312143,15.0706464235143,18.039114910086,4.2645471202189,8.84263627686659,3.57730376375931,-5.3282416441239,-2.73781945771982,-16.1955994198578,8.15451023425192,2.52479253265806,-6.36683575186148,-2.3327484413969,-20.1239467194373,9.94598660377426
baseline,9.28673536085982,5.5679998873226,-5.27893089859277,4.93211380617336,8.41307910201486,-2.1585168313143,-1.04828597073674,6.73433917213117,-4.40991531732985,11.314797992855,-12.7829759169995,5.59882247063825,-9.97137217814043,0.95915064861686,-6.66294521340117,11.7894800115809,17.2905663698812,7.19163922895681,0.916258902953061,2.58060251596919,-0.619056092841144,-4.08849354761694,13.2500022088494,-11.3402255039095,3.37060857085543,-3.61271304576935,10.9004320077219,7.32846219354956,1.22887098593801,-3.35733965602538,5.64282838749421,-3.6542673284371,3.47144248613702
baseline,11.3837443569417,-1.58162120774646,-1.95287256670133,7.38688252150505,2.64519557245055,14.8344636904798,2.34087143204705,10.0988835862098,-13.0537460729694,-1.54860196978231,146.592571856179,-0.251797578002186,-14.4829512849533,-0.806443376515236,8.28553775813745,0.711170126334718,-4.1821074554269,14.0765693239655,-0.601015782375483,2.83794805543764,7.36684552595971,6.00132157447847,10.9291960694013,-0.00558216768745521,7.62485196451876,-5.66998307465353,5.65382812343095,11.6270155778063,-0.999427152713036,5.93038436121805,7.61470522878598,2.83772476389677,-4.82401173322086
baseline,2.92499131348095,1.71519381543985,7.30138177148322,-1.82865828520386,-0.00510542249988448,0.0472382142225703,19.4004613456321,-6.53383574316191,10.4020461839847,7.15679482868713,-7.10399445947982,5.42054990219462,10.1504625214923,1.54640294786129,-0.531709024366302,-0.480716532293832,11.9256728401386,-2.35402463626132,-5.79417879440077,8.06312722287253,1.92607884075611,14.4692401609785,7.04529536217239,-4.23045488815816,-8.36806849860586,19.3978124485582,9.13189873296783,-9.47955529954516,-4.03003421730908,0.0734021459570273,5.86412639400446,1.99088151774261,-0.570199830908553
baseline,1.03512794644273,-6.98689478304912,6.48147411671259,4.21168869874313,1.47621991790718,0.415351456477919,1.86055786792527,-9.39611821929224,-0.0932883745554806,6.1940657338555,0.435164806174761,20.7262220476905,3.32534767989972,-0.638132907640223,-7.16038101870174,-0.577861750188071,6.45582688554389,4.12284977342016,10.4021853547647,12.5120578564351,-12.5120578564351,0.861235112018899,13.5865925779679,4.95670010314816,-3.43494882292201,-11.6481285740343,14.6557339681594,-5.15104728819046,75.7836962818241,2.79243047154833,6.06591567961323,9.14165779493341,2.64154275747837
rotation,7.49037110762526,-5.72656509353961,-0.0660832609656598,2.2090867913323,171.543917347144,6.68926545079397,0.946779765026128,14.8393514916088,-5.60969128255609,-2.34849829956326,1.46960381966778,5.40084270895805,8.08067811505843,14.2789762044856,10.0174265660463,2.69884605352662,3.93568739166915,-172.239074909118,10.2553882245534,8.28446006916489,-1.71541884015824,8.53849514403195,8.05256278140135,18.6732513809958,1.20107978617789,5.18920192530965,9.3992115312528,-5.50233129850003,-3.99551162562481,4.91289098406525,-2.20876256461579,-50.1509569413653,-3.36189935376344
rotation,2.23203400372874,9.2684651801498,-6.17713522587106,-1.27279747436743,-156.574506098713,-17.7264976759284,2.34405394834239,-1.40181083603651,-28.8955618106956,-67.2836236150786,0.577861750188081,-2.68213217850804,-7.31302837736289,-2.15295161068487,167.465036532736,-4.36979004634863,4.66018967691915,-8.72327081036363,-6.93842569196919,3.81763820973341,1.24431959854182,9.41122251058631,-0.459814624059235,2.56784186840879,83.0480489015915,36.369750193073,4.83647952654883,7.6659051581291,11.0132144755827,-11.0151934965418,-58.9648720535573,-55.3720331231457,-9.99126438290149
rotation,-2.94661544171407,-1.86742889152552,-23.9850772422043,-0.338233862734694,54.2124998220939,-17.7803753633593,1.9532977302718,6.17295750583788,25.2879448678612,44.1571717767745,-6.36562959150702,13.918854075122,-4.80586356814613,9.5045848842712,-170.730981345683,0.902863418399608,177.010867506452,-6.66294521340117,-72.7574270409144,2.329390525633,-7.35771731708017,-0.420195375167271,-7.71361645298373,3.11363000489137,-156.300509989955,-51.3401288602906,-15.3897344672168,-5.75317602936194,0.308200026663317,-6.69097379647648,1.69418139183426,-47.3610701415622,-44.7890564235903
rotation,-2.28436573021544,-150.296565539416,14.8884010290498,-15.0706464235144,-0.423282890458156,-39.0727416274329,0.633878861519143,-113.743005285385,-36.9838527478168,-25.4002410363449,-7.52347320224391,-92.0491788275555,5.52226393299037,1.25377844061496,-12.3277182104984,0.996395487435551,21.9506666142127,-59.4652646549127,-65.5090261287854,-14.6919304238838,-4.20671026109555,-50.2350867733215,12.6214457880851,-0.0472382142225601,-13.646265024351,6.01492275779567,7.20172845108082,-33.7922412678951,-2.13480617580313,66.5792147553939,-8.28553775813744,-43.8012269794233,-47.2282410711912
rotation,-12.3242109722421,174.094696175408,-22.9043984334719,-12.6389298584378,4.30652960976645,-12.9275194234349,-15.8449928633819,-80.6643967183221,-26.8000269739523,-112.230932286626,-68.3706575603211,-0.246451256092689,-7.36242272893212,-7.16038101870174,-15.1454895020828,-35.8562553411343,1.06062445708719,-27.6536761602732,-38.742004271305,-0.701562489782054,6.77737148568656,-56.44806124294,3.12325272049911,-3.51096288045885,-14.71225355854,-27.6256411661494,-2.18645314950023,2.92279007779383,-79.173986993809,-37.7057335255262,-12.7078459974606,-55.6674348157219,-48.318185689267
rotation,-10.8889579114339,-21.0917446230918,-31.5858444709833,-4.85515805126523,2.87627763733454,-19.6672832095148,-21.8811714846204,160.380864736726,-38.6109464553188,29.5710475182207,92.4319039060704,-1.82639617903526,-22.2572467092416,-49.6672832095148,-13.1809463814096,7.6659051581291,-97.8114413858955,-46.8722920018167,28.2479059841618,6.90140344870146,76.5275254422129,-78.8673128672649,-11.3191055021011,-3.1232527204991,-3.44125027301806,-50.7529161389655,-3.65113932619271,-5.38425318146236,-12.7648727536249,-53.6250137631435,-19.724293336931,-56.5207279206205,-25.0516785926484
rotation,-22.5960487385357,-8.84967292722603,-2.73829666682619,-21.1206205311554,14.8138813640564,-21.280194249395,-16.1520087693617,141.458021533549,-44.0021759858571,155.064457526074,21.5973977114221,100.233370066818,-57.6496577294903,-29.6853566584902,-27.3187770866701,17.6982429228363,-26.8298792229938,-34.7846199654791,-6.91541562444862,174.786214267812,17.4305879554888,-61.3082738669326,-3.96577465069724,-8.85589564409068,-41.0731995199833,-31.7296661277087,77.4607202828804,-11.1382143271526,-22.7049562893326,-78.0204748337499,-9.73332125805854,-98.4376199220168,-22.929920141349
rotation,-0.598177202542293,-105.386539420316,-15.7088001480014,-42.7829759169995,-16.4791722986574,-49.4857693032714,23.2971449698369,-6.62301559798307,-25.1717977687247,-41.2121481223715,-18.814695564848,-24.7498171998548,-24.291439266373,-4.57499296368772,-21.4746428979751,-6.55774253723423,-52.2736156314031,-64.7221105468778,7.96929734419037,2.26384781967522,119.025780031447,-20.8027620325013,-20.8579422385979,-3.44125027301806,-13.3155546041787,-43.0403687643575,26.4668665216164,-8.72442162972522,-129.63760934182,-35.2335076069744,-23.2971449698369,-63.1977974647583,-27.7104916718352
rotation,-5.20266369293185,-52.5861862203421,-15.0331481308396,-28.1307956979242,20.234495941351,-34.0319368110615,11.0353979545572,-7.55060625360323,-15.2003562506314,-5.24185808057733,-4.4868981010169,-90.7597088823121,-63.2129956443122,-19.3589941756947,-31.6261510503453,11.0633441545635,-19.8709484775802,-57.6169126025116,-33.9484718851148,-6.19135280571423,-0.0817483562352734,-3.37630351594585,-12.255246254278,-18.0986272732426,-20.5469785210248,-34.2645471202189,0.269649965344461,-22.8270798600063,2.42468189408904,-37.634784530919,-68.1136343978593,-59.6556467104051,-29.8541459381166
rotation,-132.133574325639,-70.9532445705818,-23.0501402461318,-18.5038511989028,9.55549619353998,-22.5269427224889,-25.6572936203998,-30.4737189599837,-35.290303209517,2.05665746619964,-23.4207852446061,-4.66018967691916,-40.6660273856598,15.6065552866666,-27.3356297527023,-15,-41.2076460841522,-41.1138560182679,-13.7291442661264,-15,-29.7827855599465,-28.7989202138221,9.54228671258331,-11.1093563327245,-32.9720123867239,-34.8182570773629,10.0988835862098,-13.4074010887435,-16.5266363850429,-94.9995841312516,-18.0204748337499,-70.0020656409639,-24.1274268988305
rotation,-57.4682421468829,66.1822721526107,-18.3729844221937,19.7202989444457,-23.0501402461318,-22.1155058672457,-34.5024485066622,-159.483789614911,-31.742747761674,24.4327916585699,12.7315500674003,110.905297289531,-48.3066830300751,3.36648911376047,-13.2568257446194,-24.2341413239301,-41.6326645257091,-45,-28.097457515598,-17.2409448696033,4.11074145350185,-40.843223258336,-2.85096923484385,-12.8380141539298,-14.594520419611,-20.6048082888787,-152.506744563115,-16.2463221496956,-14.1550071366182,-43.0318936053982,-23.0845843755514,-53.7530445973874,-67.8293567579781
rotation,-22.077513780063,81.9007939737324,-17.9873787123577,-27.1787143919051,-2.52479253265807,-35.9577500514476,-44.2508232527353,109.555360920408,-33.3573396560254,-57.5319107786424,-16.2312071750244,-3.60875358116481,-53.9172116291835,-38.6442250303012,-31.1691393279074,-3.12448503726514,-29.3989842176245,-37.2343912336822,-37.7497955751166,-6.42127286995312,-7.43812543260553,-30.6638064673345,-30.0905240785721,-0.860807855635896,-28.8580729140612,-55.6934703902336,-22.5960487385357,4.50851252064898,-25.8891572554401,-18.9724325843069,-34.5300211499945,-57.0425180471018,-35.9595781035257
rotation,-0.412866190501026,37.8844941327543,-20.8538764672024,-22.9547046378276,-8.22545343410834,-56.9092981159754,-28.369748592168,0.467983124370251,-53.6263042133015,-38.2698990435919,-17.5545638241337,-40.0104154668823,-37.3576427102526,-7.6659051581291,-1.847627419015,-11.0415040361724,-22.8952805914896,-38.5820156739411,-15.4122460248081,-11.0861268440241,3.75570578270631,-18.5999476868527,-15.1091365455223,-17.6757890277579,-31.0606244570872,-39.2207390638171,2.13480617580314,-18.9806943246176,-3.58290371702936,-27.0852139583262,1.47062137237131,-53.2575691699672,-38.7952393408383
rotation,-14.383271742763,-92.2090867913323,5.68086702375336,-168.730356811092,-2.81711821375209,-23.0915121743996,-14.2325956105374,-5.38425318146236,-32.329390525633,-40.7222087590737,-8.37065756032106,72.3242109722421,-34.9597488017021,-18.8279137914476,-20.6048082888787,-1.39357998556886,-128.127821122113,-46.1127348649384,-28.2093873772297,-15.0542327680477,-10.2301022687805,-27.9769684739582,-17.3805031157764,-9.34435078715224,-24.456270428432,-12.8825496518291,-176.265318968777,-26.9150087754694,-43.6420522492557,-29.3860490242462,-26.3124002637295,-48.9575407620467,-18.3059469303956
rotation,-21.7967023114105,71.5605877840398,-24.3722591679072,-25.0678861938267,48.8529454441961,-38.5514645518773,-47.9939699482169,-58.2479059841618,-41.8761100168425,-19.7489098663893,-4.69378436414892,-11.7305901086969,-47.3065063901946,-15.7210237955144,-32.715734939215,15.2967856398179,33.7866735721685,-48.6779131393329,-40.1786257764007,-3.97579849419004,-11.3752643131661,-57.9550319183876,-19.6795682681585,-21.3268259521202,-57.5127842169339,-60.224262243537,3.61712874795896,-22.1250163489018,-172.520602248963,-38.4641832331381,-24.0761902224107,-68.8355866845921,-45.1567447855821
rotation,-17.6442343100719,-44.1020761862897,-21.5388150091262,-19.4260638961611,-16.854203087548,-37.0093856814955,-15.2177965340392,-71.9523490003195,-14.5302956118804,-40.8057576664651,-16.3992593459777,-92.2483753904694,-39.8941745701124,-25.6320059186225,-38.9666892270507,-27.9074086712658,-51.6409153011708,-41.7889593071159,-26.6236983689753,-0.345045686870407,-26.9150087754694,-56.6945273390898,-28.4006396269735,-21.0876144248223,-11.061331519985,-28.0417361339599,-15.3281188998594,-12.0296858685718,-21.7745465658917,-31.8477865177548,-39.7937992538867,-63.5235337573101,-37.8364590730409
rotation,-7.41437824887038,-110.192638169293,-17.8606253349319,-43.9412633042362,-0.970529249186196,-37.4388161788841,-33.7708781817857,-99.111712086045,-43.0186018869404,-31.8641181737269,-1.67268524081366,1.66497549294492,-54.7897696637355,13.6099931829373,-26.3426927846271,-4.61918172176469,-48.6201545223799,-51.2791378744136,-13.433466979868,-13.4252451980107,-17.4929188161065,-37.5808459845199,-40.84895469468,-7.59110929230733,-37.5931640782202,-34.3340217237559,-60.6888205459226,-25.010533761661,-166.090156641501,-35.8097511174619,-62.1805174115091,-65.6247795618414,-25.0123848577476
rotation,-6.01679336135929,-29.9783196591046,-29.8114467443338,-17.3165395452706,1.21023876426095,-29.9476054810587,-43.0343555744379,-125.982453518461,-42.13969117144,-52.2202408906942,-24.0748200992843,22.7426461864531,-20.4266616387874,-21.6427355665153,-30.0883271769309,-47.9367333096835,-24.3363908651445,-19.7636416907262,-28.6421694117248,-17.0277904332059,-12.413091786087,-48.9934293999684,-46.1520087693617,-24.3073853413331,-26.0965407782851,-47.3054738782813,-95.2776285556227,-5.99256247712415,-17.799637844627,-39.809634600028,-39.435245595904,-36.8725431793158,-20.0929154974657
rotation,-13.364041997646,85.1333862297511,-29.1634939692218,-10.4701896037195,-28.2250478120779,-27.6000127538901,-34.5865747504582,107.036305108687,-53.0757275807054,-18.487826678567,-12.1656607840054,1.69418139183426,-57.3722139849283,-14.002919787409,-2.35220418937107,-13.4412356651079,-44.6643982584165,-49.9430775175055,-49.9269004345471,-19.9876126085044,-1.80502625890924,-47.8313702210444,-15,-2.40028238396025,-27.7733332393212,-29.7202404435913,-4.5247001421253,-16.2380697274376,-4.21479936198947,-23.2131543437766,-48.9491703158512,-35.3149132919918,-40.6076236468573
rotation,-26.5565421476272,-68.4623235709999,-15.7640964754228,-17.5993861489372,-10.5159763361424,-53.1845666285212,-34.6937843641489,-24.8438711666442,-46.5910766582994,-50.1861502578851,-19.6421816419248,6.55993295463055,-40.8798517392222,-27.569679482507,-36.3074053304654,-9.99028481427016,-46.0806602831223,-11.0286273463357,-20.9260129497215,8.99102059462201,-6.21043139814634,-33.616078375449,-29.2783987793788,-26.4890371195412,-19.490848810781,-37.2840050948459,-24.7402225189407,-21.9840118439428,-133.624071597965,-37.106593708043,-49.067154372589,-70.624894837742,-49.5141798379292
rotation,1.56298644317424,-9.07989916805434,-13.8858620206277,-8.08230277165821,-12.2718029183201,-18.8529454441961,-22.077513780063,-34.8033390784788,-10.0839333749809,-24.3176305438518,18.5038511989028,-2.11152963666314,-36.7881526912536,-21.8267089052951,-33.283354299595,-35.2687851605022,-35.9081210202085,-46.9683064099581,-11.6221098723417,-24.8454857132014,-20.3417105698905,-45.107137340121,-23.3964731617233,-21.8259174820826,-47.3614836011688,-37.5723280150369,-29.441225241174,-19.724293336931,-58.8016663370644,-33.4643529264266,-37.3624227289321,-27.1378999682997,-47.3288344569288
rotation,-12.7574270409144,-107.178524328963,-12.6422120238748,-2.8532266653851,-30.4598146240592,-60.2124112511809,-34.1936211146728,-109.976530241993,-41.5609384142655,-36.5953104489677,4.26668216115884,12.5845361194893,-28.6287760776472,-23.2144741941628,-22.9509396972383,12.2314924583689,-54.8106412682311,-43.2277629084872,-9.07304415476377,-9.13189873296782,4.33402172375594,-25.2837271690151,-31.0908016777028,-18.814695564848,-24.8454857132014,-22.4260662830855,-19.7652033405624,-18.8617856728474,-16.7347259386438,-26.506594830467,-25.9645795476961,-61.4812917322235,-35.3728907885875
rotation,-27.956060546435,21.3401288602906,-23.749104206663,-23.2575691699672,-23.9072557974161,-44.7454174284472,-77.2605562923398,26.1235474716924,-33.1381637727866,-31.9547402616113,-16.0813778496066,100.546745103214,-41.0262830319143,-12.0060300517831,-19.5298103962805,-27.3907712000768,-46.60129811037,-37.8039357025575,-60.5039107213064,-27.8227457342844,-12.8700846033607,-70.7489429605432,-34.9367575401292,-14.6643982584165,-4.19229711529146,-38.0222622224514,-63.7811629087941,-25.7733260127136,-10.4388263334936,-16.5587643348921,-27.5427448605252,-77.0516260840891,-33.6518195228709
rotation,-20.019958549978,-6.22409665899215,-18.346451851094,-8.40260228857792,-0.498073882281841,-33.7947286170346,-13.4574361399396,104.151320592459,-41.5219646661928,-37.1916392289568,-35.6277408320928,-14.6437158072965,-12.9293906647469,-38.0894211141944,-21.266082388896,-40.5211946566729,-36.7167257713236,-56.1117763226651,-21.1206205311554,-9.7073147574132,35.9097230791777,-35.707756830011,-22.5341100236629,-15.2210259291546,-32.4004985309293,-6.59531044896769,-1.4706213723713,-32.6988460535266,-8.3527364945362,-31.4030955544755,-28.630689591086,-52.893406291957,-33.6848749472299
rotation,-16.2852233682175,49.9011164137902,-29.8203754003135,-138.362898401415,-19.6363434323931,-23.3964731617233,-26.3296420017095,-16.184617599992,-19.8528260920542,-50.9179476352026,1.9887685451292,-2.19340444402414,-24.3162283738735,-26.6154053056464,-16.8655445115482,-44.096798137694,-46.5587643348921,-47.04971598767,-18.8617856728474,-11.3299937678477,-12.413091786087,-31.5809971736521,-14.1800399765075,-11.6417238767528,-23.9832066386407,-11.9206157167951,-56.1159239982433,-17.8313702210444,-45.3210397158711,-16.868026381331,-24.2164583366482,-44.7789740708454,-50.4700548338328
rotation,-39.2374444736346,110.180345469366,-18.1801645958296,-14.22038005693,-18.9948931812332,-30.9751838224768,-27.0576022997136,-7.55989701720701,-42.1527675057063,-49.5052568889727,-44.6062655923314,-85.5702532276509,-40.1421966707361,-8.93418750923093,-26.6992665103934,-24.9024454858606,-44.6590611626014,-46.7921122486845,-21.2591548007245,-16.3838088368128,-8.60096358406694,-42.3807394567588,-15.0385823489177,-6.28094487311219,-26.7858572579001,-9.69449319338822,-1.39716876421321,-28.0755950247566,-33.9850769375442,-36.4362754777225,-39.9963477223559,-42.7460973878802,-30.5340279280876
rotation,-16.9764485416989,-4.2716348854679,-25.6196552761551,-31.1691768676017,-17.8759597367594,-38.849474709948,-44.7789740708454,-15.2527623315104,-42.8148054310869,-15.734554544824,-4.01824413093999,-9.62356478616362,-38.0553157692957,-22.0289978243287,-10.6918363888073,9.91840867658909,-47.0918107753667,-53.9172116291835,-42.4754019864595,-24.1683052790473,-66.2680127962876,-30.9973732875086,-16.0713145421143,-13.2321417737554,-26.0448677525307,-18.3826855897256,-27.7679659962713,-21.1738486149255,-20.0777834905351,-38.5065020721197,-29.5133373837825,-35.6855371684837,-4.2593559313018
rotation,-24.9221642773729,-89.7029052370143,6.63560433577358,163.184833460996,-29.4652646549127,-44.6291062729973,-42.0910728205398,-36.0440267458185,-49.4275273706497,-48.8984890235736,55.5131018989831,-7.94737154253773,-43.3262325965279,25.3080513587601,-23.2131543437766,-41.7252199607349,-32.7189860536808,-32.7994593029845,-15.9842895661058,-24.0241319369071,-59.3478033846926,-34.7549633181809,-27.4129570344911,-25.4400793671421,-39.0531369460265,-51.0232162477907,-25.7733260127136,-15.5307598390215,-15.2611062034129,-21.711568510661,-27.9433425338004,-56.119918118755,-33.8002250246239
rotation,-27.3285827805782,1.58162120774647,-65.9539528271118,-115.954408091847,-13.5184369846392,-34.1806630167859,-30.1975705330365,-1.73959657873548,-35.9963087800273,-53.270194115237,-6.01679336135929,-37.704851596453,-45.3442660318406,-8.5328584644345,-30.5357839455956,-22.8464746576355,-50.0036522776441,-30.2978496816692,-32.1934044440241,-19.1537673185194,-41.9617140463169,-41.9269149159271,-23.7174139241894,-18.0534896070701,-38.3680684986058,-44.2532040242267,-28.471533800142,-32.5292148168084,-7.88953358919177,-23.8573653761321,-42.6194968842236,-106.985564476485,-21.5633881763687
rotation,-37.0196961189703,-35.5912440392311,-11.8461603468526,-2.92279007779383,-12.7289984014658,-35.1346909619658,-43.8703131006871,-3.16197215039023,-41.7488193681381,-50.7040296143805,26.3806385596949,62.5451159081621,-28.4021360255422,-22.0831806600857,-19.607119289517,-39.1731288931136,-40.2351373958351,-55.7733260127136,-32.9720123867239,-26.3124002637295,17.2544261568888,-39.2939404888561,-14.1344050170998,-11.6373236629051,-8.39242792600987,-34.5948556813188,-7.23176812355275,-27.4964057750573,-17.7318059133735,-19.3947490097067,-26.8000269739523,-30.8782366448793,-13.5964765605394
rotation,-29.9440945724364,6.17713522587107,-22.1250163489018,-12.4502492892865,-27.9074086712658,-17.778994855943,-45.3782066425648,-0.832549287861147,-51.3830615172864,-46.1235952144815,-0.877532732701323,-8.36928217566979,-51.0206114094933,-18.3407945778749,-18.3348533831709,-54.2467373829465,-48.1395337931243,-6.90195258852243,-1.95433876184054,-6.6035268382767,-33.5889454930479,-44.2213405836663,-71.4667215601794,-23.1886243565641,-20.8528501276251,-18.0154012295741,-26.6044199988917,-15.5678313233911,-19.9825734339537,-17.8743626111995,-37.9023623426304,-59.9817802815939,-15.7520200105686
rotation,-36.869164194149,13.5379003492632,-20.8203110795294,-32.8163327680208,-33.1118866256277,-29.084702807767,-15.7491767472647,-0.668602952651378,-39.1807451452178,-60.5869423123978,-11.8107507172345,-18.2694098913031,-34.6911640608247,38.6203524143147,-10.0730995654529,-29.2587299541951,-51.4639005306946,-65.8575110545455,-35.8497755254166,-17.4152287113476,-32.4033990695226,-41.7082909782596,-25.7283651145321,-17.1095297008151,-16.3527115278358,-24.2467373829465,-19.8287607630872,-12.5472210421689,-27.0890791828582,-29.0294707508138,-37.334156371911,-43.9489940723763,-19.0748891956997
rotation,-34.1922971152915,4.16149449710442,-24.4011775293617,-27.4052321729219,-30.1540680503126,-22.5393836259471,-38.1278211221128,1.8933102739482,-46.6908344099182,-31.1533659713484,7.36684552595971,-0.349732562518733,-46.7829270967711,-50.0733633868583,-22.8270798600063,8.65314139397158,-41.9471006459468,-38.1560117745369,-24.0241319369071,-22.8537186796342,-45.6169020298308,-31.8477865177548,-23.3328468993661,-1.12321632831176,-28.5258617964356,-43.364041997646,-4.7168452299004,-9.95156624283192,-13.5849334311288,8.9786502555139,-2.79200666526228,-62.1585168313143,-26.6983319306133
rotation,-20.8857989968911,-31.9543387618405,-29.1290980621791,-11.6373236629051,-9.2898429320813,-31.2519644812221,-43.5720433646797,-21.7013518798285,-52.9295693738499,-43.3835288157963,-19.6346253545751,-4.6004753649556,-48.8817358502525,-17.5056143076105,-29.6460540648259,-39.5121378641014,-51.9585796698394,-55.0678861938267,-43.0712543797065,-27.6466999138173,-34.0995428270332,-29.4563828308515,-17.4858443255449,-20.8926520164223,-15.143973966501,-32.8191298141469,-17.6722817895016,-32.4004985309293,-12.248531846333,-24.4623222080256,-35.2406648101241,-46.8218282309971,-64.1039159664171
rotation,-30.2068725566382,-3.68759973627048,-16.7178849255882,-56.2169650340413,-15.2564371635293,-26.2031850287067,-31.1419564248062,-25.1479287728029,-33.8261072948463,-48.9755030641844,-8.02298297149817,176.733762184895,-35.3313519609989,-8.82615138507447,-14.7247700486742,-48.9827266751618,-39.8700079172154,-52.8414679500688,-40.2777742897404,-8.83715623768959,-11.8211659645052,-14.4829512849533,-16.7058642047265,-10.8001078997252,-10.3853714819431,-30.9996616743658,-16.6958949447023,-23.750327943929,-75.0965126336531,-22.9988158323745,-46.5934523500315,-37.0302128418479,-65.5467335496852
rotation,-27.6931937459388,-17.9990431356827,-12.1748241148822,-19.4857693032714,-17.3805031157764,-12.5878042813433,-39.7703944943828,-30.3382338627347,-50.5822600144097,-1.10443818930435,-37.5506062536032,-12.8933524033457,-45.2527623315104,23.337357310315,-20.2348273270889,13.0393808402794,-59.9504162200093,-49.7202989444457,-34.5247001421253,-21.288177045739,41.9064706148873,-28.9516436607038,-38.7876760601474,-22.1756220701185,-32.747652488036,-29.1773072410935,-8.75885142743472,-19.7831319289334,-33.1277527534468,-29.266900191218,-32.630094234203,-44.2012362403456,-60.2442055932408
rotation,-20.0130014020462,-10.5995386543679,-28.0507228533852,-49.3230473478295,-13.8328641851728,-25.4400097340041,-23.7864434006661,-24.6161683912345,-39.7963775361149,-51.7065972801387,73.0654676678635,-28.739795291688,-13.6741940946445,-1.57694176606026,-21.1180713447583,5.4484251317577,-60.6096686583279,-66.2898506400197,-41.1825452759565,-8.84967292722603,-23.5080459932469,-35.4205499021946,-36.7323769529044,-11.108031037684,-15.6091066528098,-33.9971235989876,-24.5608052144885,-19.217671150083,-17.8313702210444,-9.17741407807541,-32.4371619000786,-42.3318378932706,-14.5659152751716
rotation,-33.8609880235921,-15.4649172320522,-15.6146128294195,-32.2144153675525,-16.9483252925302,-40.5997977058026,-53.5792627502929,-41.7889593071159,-27.3218143288319,-18.1260954621676,-24.0478319000178,-6.06075185167951,-52.7373247360054,13.2277629084872,-32.5035942249427,-12.5240242033895,-33.2613598715419,-43.6352616979473,-36.3535133204771,-25.7333178388412,5.6247795618414,-34.6266739326782,-20.2348273270889,-29.4221382498119,-11.9018589847401,-14.1358798120406,-31.7534634748261,-11.1489423307465,-2.97201238672395,-20.2808729986908,-45.1781604264562,-26.998621708443,-14.1675476687277
rotation,-30.4598146240592,0.415351456477919,-33.3664891137605,-21.4192088541832,-5.2776285556227,-40.8572248248374,-42.3255055141078,-28.5654422841342,-31.2128379842798,-55.2057612374557,-18.095910881726,-6.33682664912612,-34.5247001421253,-23.6920565452357,-28.4561170731577,-34.9097615588655,-37.4011727880508,-67.0508249414718,-22.851980579802,-13.7604555218959,-10.9494015483752,-26.8970172877372,-23.3956916426865,-10.3430843400005,-23.7190551268878,-45,-68.6424064606732,-23.1886243565641,-15.6813513110302,-23.4046895510323,-52.8921934830528,-44.6787944255216,-28.2710090342503
rotation,-24.5443762050562,-15.7891926224315,-32.6988460535266,-39.3014436825451,-25.1818680315612,-35.8902697562736,-45,-21.8936324922716,-58.1730679155878,-47.4739846137768,-14.5441499992246,-2.09976497230634,-17.0109638582912,-24.5635599375267,-28.6489985560528,-36.0667107943284,-50.6485870214548,-38.8276411932365,-50.2694431336119,-8.46118499087376,41.0584191908588,-25.5920583292124,-20.0103276181163,-10.9262377187726,-48.0841399358656,-56.2017600256978,-26.1372747634925,-9.40869082323979,-15.4809609477048,-16.6849408378274,-36.079265973952,-46.5804953080925,-32.5147807129601
rotation,-18.7771846418521,-27.5909608546919,-21.3401288602906,-43.854031859082,-22.6693924934117,-35.7265650935396,-24.3530509060479,-38.7340474533491,-39.3674700539236,-40.0502881334829,-50.5469785210247,-13.0112985582117,-47.5073041701199,15.8948488261711,-24.8489527118096,-45.3978173029268,-43.7454041282591,-48.9681044956137,-17.2170240830005,-10.0924839940879,-23.5249282968855,-18.668979207563,-24.2467373829465,-22.1720258052843,-20.0036522776441,-26.8863699951086,-69.9247432924218,-23.3899146062159,-4.84587342731624,-24.6318606916617,-35.8466921219915,-15.7283266857783,-15.9588835116071
rotation,-17.7217604470778,-12.4051270977889,-26.9697170720562,-54.6318606916617,-23.9340843203868,-43.4607479735576,-31.8262711775571,-33.571243999744,-46.2672550589018,-59.3621784205177,-7.04760867964306,-13.6762631054629,-38.991020594622,-35.2208502047381,-27.4352581549026,0.617245355453262,-36.6546938213758,-45.28774644146,-0.47371895998367,-17.2170240830005,-16.785211566107,-45.221930532468,-28.2196573845749,-7.42709668988001,-39.6135079135311,-42.3704435990628,-6.63560433577357,-22.5046908981668,-19.6680122439657,-30.466620177319,-18.7404149115165,-39.380507927797,-22.2622367183251
rotation,-29.9783196591046,-14.0765693239654,1.90341743461929,-40.5352443234506,-13.2078877513155,-36.8057285823784,-36.9883295344548,1.90341743461929,-59.2389839874235,-31.2380044808159,-1.5058503423883,-14.4395483819827,-36.6885448212097,2.51972769271083,-26.0342253493028,-40.334785029365,-44.2588203953756,-48.9317897929949,-22.4465192678254,-11.0774713877761,-13.4306769677507,-50.5530340988986,-25.6005211003592,-13.5165578689144,-29.5086578109579,-27.7867422900042,-27.8839680388335,-26.0342253493028,-18.0529001015888,-3.86098802359212,-35.5318339970716,-34.6149829196463,-22.6943246371015
rotation,-34.5632093393066,-9.94540823719662,-22.5664368112504,-36.5985894822386,-8.82465699348302,-44.3853871705805,-45.1416060141302,9.07304415476376,-34.6588703294758,-39.6724537962862,-28.3710364767106,-24.429942477578,-36.795580410306,-29.9476054810587,-20.3743301286655,-43.4481914157297,-41.7778397404758,-47.7825878255314,-35.8665070419995,-25.8892585464982,15.5784406873785,-38.8349214166404,-40.3672753632255,-30.7023053231397,-15.7283266857783,-40.2624433571855,-7.04529536217239,-17.5475268015309,-15.0965126336532,-15.7891926224315,-26.5489831972581,-33.7611988427743,-46.1569875962409
rotation,-34.2116886987431,-9.76517267291107,-23.1845666285212,-36.5719636458664,-18.4441965007202,-39.5591116989476,-40.6316592727689,-38.2339350069524,-21.0226246692532,-43.3239329279427,-47.9581838714654,-20.1584886332781,-35.724494974752,-24.5616449911164,-22.1900751326067,-51.9606697611491,-38.8652610446753,-57.5161360347035,-10.0595647730218,-14.7960319283672,-26.2475958481337,-37.8326878727478,-10.3578183580752,-36.079265973952,-41.027567415693,-54.4483955339688,-23.3687332745756,-14.4378618757385,-26.506594830467,-23.8567741297153,-28.8979924611371,-34.3806991104809,-17.9669990909671
rotation,-20.8107131166544,1.13398960419561,-20.0538530912102,-54.8000438865027,-16.178089418361,-53.1986253792836,-25.6981080261544,-2.77706362157943,-37.922486219937,-14.6462083701287,-32.8254661666798,-10.6021875514418,-41.818598907004,-7.33853080274438,-16.8722920018167,-28.0755950247566,-13.5519122214706,-46.8907372011604,-14.002919787409,-20.9702685422456,-11.2789899823972,-65.9097230791777,-25.5538578107061,-27.9167338988904,-27.8975863158601,-15.326676800274,-26.8881133743723,-19.4671000256018,-7.54832562118921,-25.1333862297511,-35.4613593248442,-69.9346694305896,-14.2384035903897
rotation,-29.4221382498119,-17.4607202828804,-26.0044883743752,-34.0242912816352,-20.2111259565822,-32.8824658686504,-29.9672991776116,-48.3673354742909,-42.1701059017739,-60.3905726583971,-70.9838217592282,-17.6757890277579,-14.6373342903527,-32.7903192576584,-22.5093146473926,-26.7928952744901,-56.8863699951086,-39.4915922023661,-30.0948734281858,-14.0480104548341,-18.1054008785941,-55.901308576416,-26.0131307843745,-11.0110363509228,-29.7444989920455,-15.4122460248081,-20.8109069885298,-36.5301414563039,-14.22038005693,-32.3592234232976,-45.3267484460985,-1.85657218899723,-37.5567557002336
rotation,-30.3722927265095,-13.9330127161097,-32.4002823839603,-38.9550120048777,-17.2463268928267,-28.1202533151864,-45.3816084472795,-22.205442251189,-53.9513961704193,-60.7147475535295,-28.3937372200409,-5.0999889198511,-33.014942218358,20.2566594258755,-11.3267486190042,-37.6961109084535,-48.634273544675,-47.4451104511658,-8.47421561032228,-18.9724325843069,-25.8354781316816,-39.7703944943828,-37.1994574995392,-8.15601177453692,-22.2951840951424,-29.2783987793788,-9.74489893567123,-24.0171657402993,-11.5348614919404,-26.8380278496098,-24.9323064416013,-45.7139548748123,-14.530460903376
rotation,-42.4315876463092,-11.8526775114815,-24.9904923057751,-20.2808729986908,-24.1817672250733,-37.2317783553885,-27.9463687421216,6.69963788220408,-45.3782066425648,-52.7013249649924,-59.8351896394768,-27.4548703972097,-50.9011876442747,-7.32846219354957,-33.283354299595,-41.4192672326758,-47.799637844627,-33.7708781817857,-49.2708731215927,-18.53972223699,-11.6321839950621,-31.8263961790353,-27.6169126025116,-13.2312417573228,-17.1880630953068,-49.6837691186038,-42.7574270409144,-21.7542636193175,-7.63290207627232,-42.3704435990628,-42.0258913714707,-38.4324906593707,-19.9213064204906
rotation,-25.5944263343552,-22.295148403547,-32.3540246362613,-45,-21.1396950541389,-23.8101501912464,-68.6391207389299,0.797399515506304,-50.8795438592604,-50.3585542543161,-24.8454857132014,-14.4692401609785,-44.08239923487,-29.2127131548252,-18.2109524813973,-46.0943798261696,-42.4417186093583,-43.8520591470742,-30.2589821946167,-20.5983245936809,-4.93675754012924,-56.4378725299341,-53.7265548410705,-33.4643529264266,-36.4486707946491,-33.1017169265817,-21.6050538807196,-14.4395483819827,-20.1446736744739,-21.5244883953046,-38.8617171494751,-52.602346927119,-28.9535120216912
rotation,-20.4421047056491,-19.2901151272931,-17.6008541780376,-46.7239909215102,-28.5352083873523,-31.0483563392962,-13.4429286243634,-10.4614173657885,-42.713046192485,-68.1444857759426,-34.106740079016,-27.9433425338004,-75.2981586644509,-43.3090216006757,-30.0686059535268,-26.5026407856663,-33.038555810052,-35.5344462372718,-32.9397093473822,-21.1180713447583,-11.2950517885009,-35.0260739489232,-15.6949079813005,-19.173986993809,-27.8715010863013,-46.4191649714768,-91.3971687642132,-12.3169801199708,-1.60626277995914,-27.6466999138173,-27.9716856292794,-13.7221956057071,-60.6512484111096
rotation,-28.1316167204342,-3.09346524678578,-26.2017808091721,-29.9716280208411,-27.4682421468829,-30.4980738822818,-49.1133558643053,-15.0277813317007,-27.4865617274286,-57.9842427581031,-38.1099817970109,-20.6228707323592,-33.7949554655387,-10.4768289927456,-43.4722619889152,-60.6805688076331,7.85299226674379,-59.1219510206822,-34.6962997753019,-15.405479580389,-16.7921122486845,-41.4558889410748,-21.6105845002929,-21.5063482250514,-6.02623295546272,-48.6465676460205,-22.135513871412,-43.842509836554,-24.0901240882703,-20.2808729986908,-38.7706829510429,-8.991020594622,-44.2467010427468
rotation,-20.4421047056491,-37.5819557407934,-34.175545759397,-30.2547744484207,-31.3312165448537,-20.2348273270889,-47.8548639531193,-33.8187604702451,-42.9392162887845,-46.178089418361,-49.7744064007584,3.88822367733489,-47.7318059133735,-17.1583599332662,-25.7919662887769,-27.308664477014,-46.2428321177682,-43.6149037705786,-31.4706213723713,-8.33549551518203,-7.29504371066744,-39.2883901074793,-15.5996647394559,-25.9208704796213,-22.365350917263,-45.0765205721366,-24.2756921492022,-24.7229446313912,-13.8653303793454,-30.0051054224999,-36.4915845080475,-24.9793149464354,111.694366996549
rotation,-27.9006613296889,-8.70996596696634,-26.4170962829706,-44.3265102860287,-26.7533144247731,-36.0516456908805,-43.9412633042362,17.4668660423665,-34.4079416707876,-45.303714307321,-1.31796446321992,-16.4416463647776,-38.9653761070351,-16.5747548019893,-19.3039017420745,-37.0205350025106,-45.7143130717607,-47.9124219145427,-20.1596010356794,-32.340871432047,-36.4400876718914,-27.3356297527023,-14.4395483819827,-32.2633800449716,-47.1619858460702,-36.9286618424061,-16.9887014417883,-18.041664820398,-22.1104664108082,-23.752320804332,-28.8288937049757,-66.1739499733883,-52.7365774343044
rotation,-37.3986854853198,-11.9342452386776,-19.7007984899956,-18.1473224885185,-16.7260181791427,-38.7959461561057,-37.8596538902538,2.55692818747604,-42.1656607840055,-39.6084391427314,-40.1745260526949,-16.5074717410061,-57.6477535067299,-21.6616830871635,-38.335495515182,-26.5480484817729,-56.8724602841925,-43.8378939842922,-26.3119073150091,-6.9553189479529,-39.7678983841354,-25.6340391562538,-21.3706222693432,-28.0091184822574,-7.84668877111036,-30.9591506486169,-15.6293783338355,-45.7278617980733,-18.7724307853722,-1.44440695450919,-20.8681012670322,-6.24695540261263,-56.8723272802012
rotation,-34.3473778118247,-12.809282617725,-3.1232527204991,-60.5858147627228,-25.5367075396165,-44.2359035245772,-64.4757365907729,-41.5558034992798,-30.6545410276201,-54.5640538010806,-50.4534823047387,-35.0996800500599,-47.0906941174885,-33.7672495325256,-25.6196552761551,-50.303254262988,-56.7063013225458,-31.9758293369041,-11.0151934965418,-12.440247189411,-35.5874243530823,-38.480663518651,-3.16439125690912,-22.5269427224889,-6.80495051740615,-34.3933959766766,-18.1484178571101,-18.5017694089346,-15.6004503560173,-9.40869082323979,-33.0849912245306,-63.8590966768977,-58.8186462072926
rotation,-13.7917943308048,164.701264900906,-14.2123793784414,-6.61714121925877,-19.6421816419248,-18.3372972975084,-7.82629173671874,-13.4493732999283,-26.4031916117371,-52.08068764512,0.589950239443651,-20.5469785210248,-25.6659782762441,-22.950574560785,-40.3316811575067,-12.6569186417481,-40.7154047218457,-39.1935020181833,-28.9980933202322,-9.51867577795394,-12.3136549390714,-36.2240966589921,-6.70285503016313,-11.0110363509228,-18.0316544648407,-45.6866202040384,-9.9963477223559,-8.6782697603574,-19.4980103598612,-9.90349817529754,-26.6497733432336,NA,-34.9404846705862
rotation,-38.9550120048777,-36.0922337845015,-0.725151600810902,-12.1647375321012,-15.3937344076686,-43.6366977860499,-42.9094464918596,-9.87180327668479,-51.1725457275642,-22.7665437184923,-27.569679482507,-17.2605562923398,-48.0316544648407,-5.06769355839867,-29.5546662847546,-42.5075232404492,-58.569540754488,-49.8577695929519,-27.5726177824836,-7.98708459908215,16.6588159473501,-40.042776750001,2.2090867913323,-13.8653303793454,-21.8587997160355,-30.9732506308182,-11.5691587274049,-18.3673354742909,-2.35330008618274,-3.99652049095658,-2.8532266653851,-7.88953358919177,-2.32577160932017
rotation,-27.4359419067988,24.0310094650486,-26.0805822608744,-34.9322104889988,-11.1093563327245,-31.7906126227704,-57.575318105911,18.3518714259657,-41.5285424894395,-45.1606485083912,-36.5301414563039,-30.5129290868866,-49.5799807783693,13.3770512468232,-41.46027776301,-53.6761109056482,-68.9860099657958,-48.1154112150796,-26.382871252041,-19.597711326126,-23.5080459932469,-35.3269306903538,-6.55104558304609,-20.6038817807078,-12.6385163988312,-37.9327218509076,-25.1717977687247,-24.8499004449233,-13.0112985582117,-11.0151934965418,-36.2676157291266,-41.0666134468221,-40.4604235081565
rotation,-20.4804466494018,-14.0390815467757,-12.0483851663375,-43.4049093566108,-33.5466184780567,-37.2514669023514,-42.8581194854046,-18.3964937837708,-32.7189860536808,-46.6150412228473,-34.36220579889,-30.2978496816692,-12.9955394828131,-25.1542816322497,-29.8689424027242,-52.950574560785,-57.6728603173819,-48.1746918792897,-17.3859440303888,-13.161361963758,-31.6508206033446,-30.1644139272284,-4.85281799575264,-20.4129210804795,-35.8182327749267,-30.2144050597443,-12.7317579400559,-28.4934629074618,-23.9340843203868,-12.0079887067683,-27.6174528905676,-22.6938378035102,-48.4969534491034
rotation,-19.1537673185194,2.58345863826239,-34.5875209777382,-19.720211742705,-20.234495941351,-18.1154112150796,-25.1165815950234,9.30454744365433,-34.7533504454386,-41.4558889410748,-2.52479253265807,-30.3246676053921,-14.1550071366182,-20.8173364974365,-50.4963909723313,-43.5519122214706,-21.0375641864763,-57.4682421468829,-31.7282431892193,-11.942868046197,-19.1429579906751,-27.8708044736689,-9.71912700130916,11.3805435459789,-45.116275365373,-8.84843184634671,-26.9478296949618,-14.6102655327832,-4.66055751576205,-16.5571752001757,-36.2928283487568,-6.6401673120167,-40.1897971123374
rotation,-31.140529015409,-60.4598146240592,-22.8080236172821,-107.554182455236,-21.4615048559681,-22.2535353319048,-29.1631972617821,-18.668979207563,-23.0107214776704,-54.1941589583514,131.062603584802,-48.9788510566592,-39.5591116989476,0.644912769183758,-37.5731145412665,-33.7257590571036,-47.227819647185,-56.5382676880775,-44.4266820942595,-17.3375193381456,-11.9516944673643,-24.3773773834252,-2.24837539046937,-24.429942477578,-29.8649472116274,-51.6427355665153,-4.59135783732058,-24.0901240882703,-11.6326645257091,-21.522265026785,-28.6608667450724,-51.5973977114221,-26.6279693825293
rotation,-35.5309747388308,-25.8443356121245,-20.7686667574995,-36.209930713099,-23.8059342661445,-23.5657386295093,-27.2870613686246,-25.7293562876895,-30.5861432435396,-36.7488083791458,-42.204574709685,-53.7184764663999,22.3403848296053,-2.2325280785591,-33.5466184780567,-35.3530713277312,-28.2479059841618,-48.0923977283547,-41.46027776301,-14.3334560576628,1.92039539634685,-30.5541751003945,-10.3725863048938,-24.4327916585699,-44.6021826970732,-45,-15.6065552866666,-19.6782158768853,-9.01358339310317,-25.8892585464982,-44.8138813640564,-54.9810619700444,-43.753298653083
rotation,-25.7574182147302,-18.4968701797629,-15.9021622621022,-41.5348614919404,-26.3891952977688,-27.8034660996,-30.235702275034,17.4879973761485,-49.2317520843061,-43.5711018528669,-30.5869423123977,-46.9108480097674,-33.2530790452803,-22.7356329806942,-19.8577695929519,-2.62321525232734,-42.9531381174427,-62.8762776373345,-34.9128909840653,-30.0932883745555,-4.36220579889003,-32.1529516106849,-22.9355478210034,-27.9074086712658,-40.4736200796699,-46.3640725685452,-0.849279284462778,-31.141318346192,-18.9769073163926,-14.71225355854,-17.2910201560969,-49.7129179645536,-33.6603222548199
rotation,154.882540617544,68.9594711652995,-28.6421694117248,-49.9540397840794,-37.6638451966719,-17.1418805145954,-24.9914738706399,-26.8982830734183,-32.0219919474957,-56.391318749999,147.366372439075,-25.97797640926,-29.9527617857774,-140.904241182544,-43.1277079981833,-34.7783289862094,141.322253625731,-27.9167338988904,-15.5604516180173,-17.9002301702477,-37.4530856909617,-30.5899502394437,-24.1980685469222,-23.3427852653513,-42.0079887067684,-20.9253586989957,1.05088969447823,-22.5356913146054,-20.6038817807078,-18.9878024050882,-22.5093146473926,-8.7992235068402,-44.7827845428074
rotation,-48.8215896645465,-42.0296858685718,-35.2501828001452,-34.2516903777257,-18.1942359459095,-38.849672927226,-38.499757457654,19.0494237366023,-42.9665697026241,-28.5545133200402,-33.9161117169791,-35.2650391282143,-39.5335129754465,-33.4809428526629,-28.4843892827316,-45.5708537885069,-41.0407333870248,-74.4924005808213,-31.2519644812221,-5.14621722516214,-2.51484251665687,-36.8924182125819,-30.3246676053921,-12.0654180160679,-16.9632001734623,-48.9695918613502,-19.2409821399989,-3.04709091140519,-14.4068965903945,-13.5717671611407,-31.2869785886764,-50.9976205368109,-50.1222282208516
rotation,-29.7875887488191,-40.4098165102905,-29.8525859884446,-33.5773037637593,-23.5657386295093,-44.5025807079825,-25.6302099536514,-26.678714571436,-21.4356092275865,-58.1905984723634,-37.9808284065803,-44.8712619499533,-50.8579422385979,-29.8514560636505,-38.9562151561271,-31.5679038334299,-59.8615863440038,-23.419514403844,-45.1454895020828,-9.65087575195993,-29.1985291526473,-36.8790773324657,-31.3387861822424,-0.445333715245403,-25.936690077513,-36.3807875825225,-21.5226791315337,-25.6934703902336,-5.15104728819046,-24.3046049770652,-41.3837443569417,-30.3373479399555,-64.5067234889759
rotation,-32.9574184413134,-26.3119073150091,-26.0448677525307,-23.0226086842194,-28.4466971200962,-37.655638088822,-30.0941569203906,-12.4957863544183,-39.6441279747021,-33.8885664982757,-56.8380278496098,-39.4583094328864,17.263727136872,-1.96050552773438,-38.2870158724436,-64.9018899062831,-59.6059362153292,-44.0546527464142,-32.0219919474957,-25.6154156728732,-40.4261346363544,-33.6087535811648,-21.2858054999739,-27.4165413617376,-41.185304435152,-36.2898506400197,-24.9202555092608,-80.7974275739984,-12.5710179921563,-27.2617033331738,-27.1828817862479,-34.6848639094377,-46.8819003122274
rotation,-148.919158628946,-53.3676370670182,-27.4052321729219,-65.4012183340315,-21.2561815942794,-19.9540397840794,-34.218574085951,11.0193056753824,-23.354046443048,-38.9700594778364,-2.58345863826239,-40.9477190952588,-45.1606485083912,45.9023214185523,142.042393499303,11.4909880200272,128.867102490991,-36.4289127280569,-25.491487479351,-33.0542942751737,-20.5647544040959,-8.29340271986133,-46.8722920018167,165.601370167853,-41.46027776301,-54.8107980746903,-119.496476540259,-25.3398103230808,-22.4953385961876,-12.3277182104984,-28.5793839313763,-52.2881212767637,-15.7053396288982
rotation,-31.9758293369041,-33.0348007479064,-33.1271182141942,-54.6157468185377,-24.4747317851271,-32.7189860536808,-27.2374612363754,-45.1729049963987,-42.2120844639281,-46.377849115549,-37.3704408427357,-37.5234732022439,-40.3672753632255,-52.6206387894569,-36.0125452242336,-45.8314393383756,-51.2809599226861,-56.6236983689753,-44.0390815467757,-12.0654180160679,-36.808938498071,-41.1382143271526,-25.3398103230808,-35.0156246500317,-33.6959970717276,-27.0643087545655,-5.95327336139052,-11.8457841048357,-87.4851574833431,-35.9097230791777,-13.1960810275958,-51.9585796698394,-34.4478491559855
rotation,-27.2268478543113,-10.4111322916783,-39.6610360091435,-35.0219040101256,-17.9241560988994,-41.9158600641344,-31.4081147568034,-39.4583094328864,-28.747975292014,-31.6515384732567,-41.0774713877761,-54.3317324329178,7.27475382525155,6.93598948261663,-46.6919058151462,-53.5837711247649,-46.5066084970643,-26.6044199988917,-2.42468189408903,-26.8881133743723,-25.8889958938243,-60.6471039747391,-20.4129210804795,-40.3327167904852,-17.8463070880392,-42.2667764558693,-3.18380751996693,-27.1194665019203,-20.961478964926,-30.9542273292418,-37.7376209901419,-49.926916868712,-34.0535165407541
rotation,-29.3206362208914,-34.4269069905415,-19.2965985689369,-17.5339783143708,-17.6201703247471,-34.8282022312753,-25.080835766938,-43.4574361399396,-38.4505560882977,-37.6281984171372,-29.4627152316042,-18.3523986874096,-46.0103323122593,-23.0363549475372,-35.1593404831463,-39.5709120853308,-73.0276264611577,-49.5177445390274,-11.5873892168074,-11.0230926836073,-11.4388323074454,-37.3422114574754,-33.8990726548117,-30.5158949001647,-28.8977933115437,-62.0918083565228,-29.2984375102179,-51.3401288602906,-17.0764958326234,-17.5657172745233,-40.0046624200016,-49.8136057372225,-14.3454713797181
rotation,-33.4394256835603,-58.72323904071,-22.6986182285168,-35.2064746298189,-26.5162085566927,-39.6084391427314,-26.7880792151472,-40.7034014310631,-32.6572808852975,-58.6294013122551,-40.1390104807108,89.7417022601862,-44.2593214246055,-23.0226086842194,-43.4412356651079,-0.860807855635896,161.699148173034,-35.0498955711922,-35.930384361218,-28.3007572811967,-15.400619696913,-8.96668922705072,-14.1344050170998,-21.8811714846204,-34.8767042539096,-39.3185693400251,170.963251785262,-31.0378667902762,-28.9435200278056,-20.8681012670322,-32.5173684850009,-11.8201064140454,-34.7104277160529
rotation,-27.4752074673419,-38.9794827580953,-23.3430291859662,-45.071544155803,-29.8664869748591,-43.5769728831838,-29.7239980948399,17.5900765958889,-48.2091918043523,-33.433341808392,-41.9465103929299,-68.8558956440907,-50.0205908785737,-41.2394724404517,-31.7857684738883,-51.2184166342469,-52.648090836326,-41.4558889410748,-30.89288986843,-18.2721727690442,-47.3268929589991,-61.7556060061435,-24.2468239706381,-31.5679038334299,-38.5240866304128,-39.1311393917846,-27.6496225775726,-21.8936169426051,-3.65221793677864,-20.7116098925207,-31.2264745248544,-45,-39.8562292723883
rotation,-36.3096348644126,-24.1087888805611,-25.9699657826909,-43.4873214419251,-30.8733630814636,-25.3062156358511,-22.2369280697374,-31.1314354361385,-29.7268401415577,-49.4082838288181,-24.3722591679072,-47.0363051086868,-51.8937119191101,-14.2434381316314,-38.0661767217326,-60.7742069250405,-30.2576217905774,-44.3818075790274,-32.3311813577801,-17.7544383898272,-38.9850289328135,-46.2312071750244,-28.2638188164295,-26.5684584342727,-5.4652687708557,-42.3413593739557,-41.108031037684,-23.5657386295093,-16.6052298836028,-45.3259865495849,-20.829290579156,-44.9421222925651,-35.8443646839933
rotation,-24.452026368892,-37.6961109084535,-29.5546662847546,-27.4366649732701,-17.6617631393592,-35.0829007256873,-19.1949926367033,-28.1546985372366,-52.1897366609372,-49.7746964935894,-31.253778440615,-32.2087625646158,-20.4524277332949,-4.53539894806306,-40.509151189219,-38.2788499044376,-51.4022597633347,-49.8885943975443,-28.6237578965058,-14.5025807079825,-65.1005861887642,-49.4671000256018,-22.1104664108082,-41.8188036915832,-29.0015039050597,-46.8855809283937,-34.7065679397906,-53.1395254797472,-19.6433715471488,-19.8495374785076,-21.4615048559681,-48.1555184467777,-33.8561074715263
rotation,-32.5806025159692,-2.73829666682619,-36.9019525885224,-20.5810743751945,-26.6494081384461,-28.2465365251739,-23.9172116291835,-5.37437561095065,-50.2348273270889,-40.8869721096368,-9.73332125805854,-42.5568250487242,-32.043939453565,-10.8001078997252,-42.7859436927398,-39.3863121988816,-58.442598055645,-24.9320178705249,-34.5248162622288,-14.4266820942595,-15.181526954658,-40.8572248248374,-34.5913578373206,-26.7051185664248,-18.6423501721466,-39.7867647104189,-9.10734798357767,-29.96211694322,-23.6437151901264,-18.1952991820353,-21.7297777099865,-47.5205511455441,-27.4700183587694
rotation,-36.079265973952,-45.4056481275062,-24.1512095774907,-45.0460987111903,-23.204419589694,-25.893259920984,-29.691187366706,-54.5585693105768,-53.2451581242562,-40.0046624200016,-39.4751184815994,-56.3119073150091,-34.4269069905415,-23.7653748629714,-45,-32.029922610951,-46.0614367848398,-40.4252624259313,-2.01051698674552,-11.0172733248382,-50.1120533068332,-31.9758293369041,-18.9755030641844,-27.2185856066449,-25.1441197504474,-24.8729171100761,-23.7188046941187,-14.4068965903945,-20.450580438937,-20.5530340988986,-22.7642485651927,-6.51471180130124,-32.1107660401033
rotation,-28.369748592168,-40.2973401012012,-34.6937843641489,-47.8816422289009,-33.0761648295577,-45.2950060096425,-24.3408329006536,-49.9968443912167,-55.1072003992962,-63.8799968683388,-46.2082056691952,-55.9598322868139,-46.2987211157457,-39.5422867125833,-29.8723377968656,-37.0508249414718,-64.297378440204,-39.7063289603088,-49.458819974275,-32.8163327680208,-19.443783871655,-21.5500760360351,-36.2294847502234,-22.1104664108082,-41.2990272975698,-45.1416060141302,-31.260204708312,-34.3697900463486,-35.707756830011,-54.8581896194153,-35.5576876627679,32.7298214638383,-80.8587024943194
rotation,-16.707412416181,-35.804656310407,-30.6787614759656,-58.9817537883691,-25.5944263343552,-19.4447396794416,-30.7816444643152,-31.2727974743674,-46.7066133368104,-32.4626209303352,-33.6024375903358,-53.1107909042552,-38.4641832331381,-10.4453731430271,-34.2625927030892,-67.922486219937,-44.7843533885072,-53.4855548724119,-9.60843914273141,-28.2848061845601,-31.2614803324928,-36.2676157291266,-35.734251704674,-26.2017808091721,-49.8526246424433,-27.4085284238456,-21.1725457275642,-37.3325345322551,-20.9027272919105,-31.3312165448537,-31.9592463749412,-57.6459114797686,-45.1761568624056
rotation,-25.0143950267815,-32.1561047352008,-19.957223249999,-13.3262325965279,-29.0966894693456,-26.7880792151472,-28.3560644819856,-47.2605562923398,-34.0422644834776,-37.1087337884104,2.60145694826726,-25.631943369159,-24.7402225189407,154.882540617544,-25.5900846826701,-57.3775960406582,-58.9743435350722,-41.3882484189157,-26.2077587321049,-25.3408556423518,-12.7317579400559,-33.9657746506972,-27.6256411661494,-23.2656608278688,-27.900464029346,-6.86772487140216,2.16631139383135,-33.1619721503902,3.04541598635405,-25.0311723022134,-34.0753713934293,-15.3080695761162,-31.7197924601838
rotation,-22.9710204464962,-45,-22.205442251189,-45.3638582449143,-20.1262821281924,-39.549419561063,-39.9421000640544,16.1774847539861,-51.3095242271784,-36.6766440375471,-34.8454569306364,-54.8537827748379,-53.2363309471371,-34.9995841312516,-54.5640538010806,-46.3640725685452,-40.8409172252641,-54.3669349074665,-35.0793075665669,-20.9260129497215,23.8062171422932,-43.8494033523873,-34.2838015875844,-10.1889411517145,-31.2119775065449,-19.5070639586928,-9.65833313789996,-21.2123239398526,-28.1009414443236,-44.2502336392174,-34.3736071277818,-36.448207990739,-69.0493248957144
rotation,-24.2517848907721,-33.7402546877376,-24.9934572559325,-46.3685156244933,-26.4168905969912,-24.8438711666442,-32.1798045419494,-35.4682056965866,-37.1593024037304,-33.5969610846847,-33.1118866256277,-30.5317090243663,-28.2558031213039,-10.4021853547647,-31.9080859952499,-7.23176812355275,-29.9958327219138,-45.8903739776127,-29.5302545389247,-20.0777834905351,-31.5481878106118,-24.1897991441911,-34.5449720359581,-28.138874440783,-51.2755783702748,-33.6880926849909,-4.00966475711512,-11.2259975674302,-18.5090119799728,-30.6139509757538,-30.6980249494567,-63.5439013262685,-39.0992081267414
rotation,-14.3334560576628,-47.0900154570365,-22.8270798600063,-67.614705228786,-26.2291218182143,-43.9482605066107,-28.0755950247566,-37.4730572775111,-48.401020304795,-45.2527623315104,-52.3141540297314,-42.7460973878802,-41.4236656250026,-19.5163952998166,-36.9318155053985,-41.7099743546165,-45.8509312008266,-38.7263468176601,-29.6786679983975,-35.1147712971289,-13.8187565457315,-40.4738613411041,-39.1393384404949,-27.9996583034778,-33.9657298547051,-45.3210397158711,-52.2369280697374,-29.8203754003135,-26.383921624551,-43.837590462882,-26.2169650340413,-62.6520892825758,-33.4188408480262
rotation,-20.8579422385979,-42.7574270409144,-13.6161911631872,-15.5678313233911,-35.568364617867,-18.4866759232391,-19.9540801721514,-62.8767727577267,-41.3805435459789,-55.6196552761551,-32.1361778365795,-40.5126889059423,-20.9536819204504,-10.9477190952588,-37.3013817714832,-29.6549543131296,-173.513647817692,-41.2887121909893,-29.7303500346555,-18.9592666129752,-16.3685156244933,-28.7989202138221,-38.284935541128,-28.4588695543595,-24.2263828843446,-33.1867978938796,-15.7012595065292,-2.71430559240294,-20.6882471399932,-17.3859440303888,-41.5298724651102,-3.62256852070393,-28.5776895545523
rotation,-26.1292955983838,-31.4834964935201,-34.175545759397,-36.3897330239826,-30.9973732875086,-36.4289127280569,-28.1524701387055,-56.3468831384673,-27.3218143288319,-55.7663365651384,-34.1512925960059,-49.0767508779069,-52.0126064643308,-19.6382597224482,-34.6601896769191,-45.6224623231725,-44.2508232527353,-61.5240528530483,-6.68926545079396,-11.3273631503343,-28.5058052427641,-45,-23.2072086278779,-17.7544383898272,-41.6153874819147,-42.2281026098539,-18.685202007145,-17.8343392159945,-27.0427607803716,-42.1714216199086,-41.3697939439607,-38.286047922808,-25.6717728112472
rotation,-36.0034583402769,-33.1186834050455,-36.7715719464349,-47.8030386023405,-30.3623909819625,-26.1955446438691,-15.7994506083076,-20.2430385087318,-41.6970087234094,-44.9959593294323,-25.3408556423518,-38.5935486728437,-37.0563548211701,-33.6959970717276,-34.5248658723195,-48.1801645958296,-49.1212768185465,-52.1723980528089,-31.8286582852038,-113.376372594765,-36.9338420708665,-52.3141540297314,-22.21392802799,-21.6605314264694,-52.3361548033281,-40.0117673839082,-23.9513961704193,-25.936690077513,-13.4252451980107,-22.950574560785,-30.4446685682199,-51.3358967452025,-59.572032290963
rotation,-27.6728603173819,-52.4533396873488,-26.3124002637295,-42.5246286868498,-29.691091591547,-45.3865394203162,-3.21299564431223,-32.9573561826396,-34.4607551718026,-46.9091352633226,-20.1446736744739,-52.1328523980069,-43.4333982031468,-19.0052469193056,-25.0678861938267,-39.0284995875696,-66.9458184012994,-28.4466971200962,-43.1822171911324,-36.7093681794993,-10.392880710483,-39.4538271185414,-25.632653295111,-21.2295391353385,-27.8734151857505,-35.4205499021946,-40.6660273856598,-19.2924287214047,-11.8506057883459,-36.3885610966097,-43.636699968604,-65.1081557914611,-49.6290384989482
rotation,-24.6690063614027,-59.271007100871,-41.1382143271526,-22.8084607405139,-27.6515017004367,-42.8561224489587,-19.6835136973081,-17.3805031157764,-33.694238219553,-26.5684584342727,-51.4022597633347,-28.2744430130217,-42.5120026238515,-7.62818448844877,-28.9256248660928,-39.2888371834598,-35.8058410416486,-27.8734151857505,-24.9221642773729,-58.4632382904322,-23.6979850970551,-63.1287916963266,-32.2090867913323,-26.0433784986119,-56.858651776223,-44.2651692650486,-14.9293535764856,-21.6925411279936,-17.5700589709676,-28.3937372200409,-27.4042776765717,-54.0748200992843,-39.8141665953672
rotation,-25.5392325204635,-44.138781977082,-25.0143950267815,-30.8598359860104,-24.9209079665497,-21.5244883953046,-24.3602390142056,-65.5233575331798,-41.6153874819147,-50.9215371568384,-53.0291618846441,-51.1515845012792,-59.6291843099929,-15,-37.8844941327543,-39.6698501275816,-44.4378618757385,-58.1532201624638,-40.0839333749809,3.5968083882629,-18.1827313199582,-41.6427596319174,-37.106593708043,-21.7329841137604,-30.5541751003945,-27.9320246563971,-26.5026407856663,-12.3136549390714,-19.2596848082622,-28.8017569108313,-32.4840680674392,-40.9291960694013,-39.0482144624625
rotation,-31.4741382035644,-35.3509899834515,-27.1620519445624,-58.3471735779178,-26.0342253493028,-47.227819647185,-19.5158364074381,-55.3515721241444,-48.4440025517674,-49.2124365228377,-31.5832126702387,-75.3675394143868,-30.8225772027434,-33.5669793952441,-39.6135079135311,-36.8173407842369,-48.6732513809958,-38.2803822895637,-37.2317783553885,-14.0437015353357,-21.9440928901719,-47.5125124115556,-25.375238685914,-16.1520087693617,-16.4692435714424,-31.6261510503453,-32.4319039060704,-26.2017600256978,-29.9576324828508,-45.3195947903651,-34.202618093898,-47.9873787123577,-18.4316762238776
rotation,-36.4617640414382,-40.6316592727689,-19.5272644808126,-28.3578216927833,-15.912392085273,-34.3964083303899,-23.9832066386407,-50.5163692155524,-21.9770170285018,-59.266900191218,-44.8182066224734,-28.1746668725126,-50.8909990711573,-48.0212317787103,-34.0319368110615,-49.0348430518657,-28.6608667450724,-30.6787614759656,-62.9552802214425,-41.3273631503343,-16.2085921320061,-42.0349243170561,-29.1290980621791,-31.1958894916799,-42.5642997323145,-45.3311402193117,-39.8264617177153,-37.9473715425377,-15.734554544824,-30.6487270412665,-25.8889958938243,-43.3430408427626,-71.6689646200116
rotation,-22.671863897739,-11.0275674156931,-19.8881117534845,-55.6981080261544,-28.5555930454908,-47.7829572419571,-20.6882471399932,-39.9184086765891,-24.8079655244181,-41.0338548054971,-34.1517567593803,-24.5592971788059,-38.7232708103636,-32.7397509093605,-22.8696715226304,-40.2971469283794,-31.6515384732567,-47.4759757966105,-42.6859636956519,-31.6941813918343,-35.3380964415263,-27.2553283749431,-25.8387961883622,-20.4951796711317,-30.0685633702781,-42.3807394567588,-42.6569186417481,-27.9167338988904,-25.1717977687247,-25.1717977687247,-38.2814539463564,-38.0878435798381,-50.6871367752138
rotation,-22.7682318764473,-47.4527789578311,-27.6477958106289,-29.4627152316042,-24.0382687885028,-41.4839626504332,-33.9885192310835,-47.2010009786388,-52.7608379956042,-54.5645442408324,-43.5184369846392,-61.3008015803475,-20.9601743626183,-48.1801645958296,-27.7123612129429,-38.0525627814014,5.90651566484875,-38.0382938113603,-57.0643087545655,-15.6091066528098,-35.4205499021946,-44.223804773822,-29.9270631915734,-17.7186531204969,-17.7442394801573,-33.2861804023625,-25.6892945748724,-48.0605426859724,-37.5385889062379,-18.9724325843069,-27.4661181995063,-18.5017694089346,-19.7155196328642
rotation,-30.0055821676875,-31.7392805454522,-7.29504371066744,-33.9350537787655,-19.7222257102596,-22.8993790508057,-26.7021009575337,-36.2285850665907,-40.413836258173,-28.5654422841342,-42.6182144180888,-64.1110220196267,-36.365629591507,-8.46118499087376,-24.0516964004154,-52.5010407881141,-46.7864059140888,-49.0981308535597,-31.0644921028857,-8.32603685280941,-16.5092571077669,-34.3010103932306,-35.4205499021946,-8.5981383752345,-18.53972223699,-34.6727307058012,-28.6705130338435,-47.1619858460702,-16.9663428900752,-57.0425681747151,-31.9582638660401,-21.0876144248223,-44.5383735446809
rotation,-38.5999749057262,-33.5669793952441,-7.54232716452725,-52.2217580581484,-39.435245595904,-36.1958223774149,-18.668979207563,-83.2363309471371,-41.2887121909893,-50.669867433478,-47.8285783800914,-35.3973188542881,-43.3546102626517,-24.5500344231221,-39.5422867125833,-42.2708030196539,-56.0034795090434,-47.7264976759284,-21.1053792758892,-16.8019737656777,-48.6083287913529,-35.3635476446545,-29.0015039050597,-36.1065903031366,-34.6937843641489,-48.349110122866,-19.7831319289334,-45.1181898202152,-15.9702098570542,-24.9202555092608,-28.7811247648687,-78.1959510899595,-52.8634989462278
rotation,-17.2544261568888,-25.5325531004314,-7.87498365109821,-35.0918393178184,-28.2438470222167,-37.559897017207,-34.1043431908661,-32.2768251501693,-46.7239909215102,-27.4661181995063,-39.2620763793088,-46.7239909215102,-32.841412905288,-12.5240242033895,-28.4534874708707,-11.0517954716101,-44.6021826970732,-37.4789893387324,-42.4414141767086,-28.2687383030723,-30.4620240772525,-28.5165035064799,-26.1034645615077,-30.8225772027434,-22.0831806600857,-45.5462984117099,-32.4634934434743,-23.6806153005791,-12.8581194854046,-43.9412633042362,-36.5338357431619,-69.204484786136,-23.4271116424891
rotation,-36.4296425183174,-37.559897017207,-9.08205236479743,-71.7734740931356,-28.8016663370644,-29.6786679983975,-26.0369353916707,-46.3331883914815,-42.1451360468807,-61.3140195634107,-28.4141555290167,-42.1872264087184,-29.3618458255326,-8.33549551518203,-42.7536731071733,-37.5600627718322,-62.1644760641159,-40.6113101049414,-29.0026267124914,-18.7986808858783,-11.2514127133547,-28.2436895582847,-26.3617016404194,-26.0034795090434,-22.5163791436312,-41.1859251657096,-31.7034459361853,-26.8863699951086,-25.4268585786673,-48.0142492463423,-21.4710710595939,-19.620152846721,-42.1232217550487
rotation,-39.5562899007125,-34.3193553309503,-27.3907712000768,-25.1165815950234,-28.5785451829726,-33.7922412678951,-37.634784530919,-51.7523544439208,-48.4452337743961,-73.4581135804508,-47.5125124115556,-54.3955573243335,-35.4446114007158,-38.9666892270507,-30.1462721830707,-47.458824623756,-68.5107351812266,-40.4515851041574,-39.6066292797736,-33.6444042480627,-64.7988946145275,-42.2225760972482,-29.7975242406364,-36.369750193073,-48.2410574196213,-20.4941895580745,-39.3721423915279,-51.4639005306946,-32.8619557886455,-43.0654676678635,-34.9422880359767,-65.5560452195835,-39.9144327773301
rotation,-24.8106572384418,-34.4800957745503,-19.1465760840459,-49.724293336931,-33.4291706121788,-16.1293386585599,-27.454884091838,-43.0399452419946,-38.3176787621126,-45.1454895020828,-28.937012191992,-35.8182327749267,-28.7198195556632,-34.8084392916023,-35.8808575815409,-33.8771370602918,-63.7131763211432,-30.5039107213064,-9.90349817529754,-37.559897017207,-31.2010797861779,-27.915195152854,-25.1788577326223,-16.5571752001757,-30.456220917872,-68.2004873480351,-3.48379144330726,-74.8751502429751,-32.7090715201218,-27.6964982976094,-36.9840142776713,-46.8399590266176,-34.0700227602709
