p1,p2,p3,p4,p5,p6,p7,p8,p9,p10,p11,p12,p13,p14,p15,p16,p17,p18,p19,p20,p21,p22,p23,p24,p25,p26,p27,p28,p29,p30,p31,p32,p33
8.3133796505446,18.8301087681516,NA,6.30749836282724,4.77485458914737,0.794421712528944,4.20979153524596,-5.42424536069212,NA,-10.7745997189575,0.824539049147047,-4.65165249601672,-5.80254523102434,-4.77350678180867,NA,6.22141266141929,9.1673938959872,-4.20022232538212,-14.5780691506431,1.84785162374379,4.56102056434582,-3.77832851497713,1.21953438515084,12.1672108616112,-10.2500194690712,4.8135443858299,12.0991050018406,-2.24034787175893,-0.142837817673738,8.49958204510568,-6.29450490692069,1.41600948901631,-1.32146075422341
-7.7465540195294,-1.75522645047883,18.3761284126944,1.10217968015623,8.16609088017303,2.4371813740777,5.22966119361026,-5.94194326037978,-11.0105893352533,6.86929423945458,-9.2242001972655,-9.77124322982536,4.4517179818814,-9.45161406672777,-0.490569595282551,4.00049013422378,-0.357594727773513,-8.70137972414561,5.05117339928465,-3.61059317597372,3.31082562190079,20.3265010525762,1.7534077207952,5.82196738679757,9.57116031082666,2.93022482052444,-5.19573753736573,0.21439608166533,8.81007677798088,11.3447963290128,3.8958285945163,-5.53249942587099,-3.3272413746284
-5.75774413365998,-11.3487916889199,-4.29595502413401,0.638681850268108,-8.88160391966387,-3.14783221720294,-2.14346841702814,-1.78178355620387,-3.40004928545905,4.74382974418478,10.9426452752496,-3.68240017187439,-3.01744931011431,-5.74350458102452,-1.82646014806809,2.11336657414428,-7.66211545320773,-2.39736696020652,-4.16213629091886,0.940390999552067,5.41063618462337,5.53684995274262,10.368767515687,-7.556211589309,1.90820157339473,-0.455486037787633,-1.07901330443032,-13.0867738612322,2.90691143686196,2.32037279896915,-4.90376383102234,4.1996192793965,-4.36024389075561
-2.03587447794723,3.22682122165402,-3.27842380921135,6.45451219712924,-3.28225085111118,-1.61197805471781,8.92583553490256,20.8083043161556,5.34017154012918,3.73480890864888,9.40544147419727,4.3837349431413,-1.70078446339701,27.0579563757155,1.94403026738733,13.9972993673142,10.4792158681713,16.088691483297,9.14501460731515,-8.67011328465925,-5.87299088502043,-0.110526145210351,-2.21777098682877,4.97113305647704,4.4212620084349,-16.8412404772577,-5.55471605085457,8.20414724073966,3.51427311027007,-8.79607967710826,3.00150547390087,8.16877555794977,7.44786121183974
9.48823552900878,-9.70062352154026,3.63061822050172,1.9760273763958,-8.66005421876934,6.18113957219583,-1.85518266963811,9.8627838469868,13.6584893386436,-17.6305936927421,-9.07966234331095,-0.718620223259593,9.90078310354243,-6.77403841736786,-2.88427614814444,4.70047542946569,-1.50552466485933,11.6299832161576,-1.22036180248672,-6.47857285388112,1.1330891051982,0.384304227813159,6.0180658777558,3.33661294682636,2.98255499541595,-2.16520600032458,-0.771046918420316,-7.81196006522241,-1.17935734059599,4.77197666923135,-0.839386910117503,2.39611660881027,0.51453038236933
-4.12149670198358,-3.83090928277636,-8.04882948958005,5.98222344346084,7.79155805377073,0.119572885548274,-0.972463916042779,-15.2986452542055,3.03078069483131,8.99575774692978,4.71453816063954,-2.59851070880262,3.78736046338204,9.0156955473033,17.5948979478886,2.56760134983935,3.32089911739501,-13.7604202150359,-3.4979562678871,6.0415458056205,-2.08468485732849,0.449820607737559,-1.66366296690224,-5.69494832103039,-1.75494796638172,12.9438782463034,-9.79187825977708,-8.03729434942586,-2.38484113516855,-2.00437393235249,1.44418323157984,-6.7579791266713,-3.60364171026995
-6.67378118080344,-2.09769563896144,3.19039689876552,0.163179486159468,3.27698963984205,-1.22306393619267,-3.15675289219834,-2.84309530422785,10.2219112460139,5.43454516002638,14.4766277239833,4.08484068789691,8.46572731079773,0.35238005545841,7.91684837882305,2.45323389370583,-1.83496446769443,-0.440357035342699,12.798513354638,-2.89269027797661,5.72757418476133,3.99168868647372,-16.8468719132263,1.94238908147573,-1.58443015788452,-1.32147618718869,-6.516211450833,-2.48527125898434,3.33308965577008,-6.88153824816946,-1.69367128428781,-2.77370542680191,6.92469165291231
0.700963857355121,5.24818452017705,-1.82023924935173,3.25949736796209,5.98880584930833,-4.43398218205216,0.591337686524511,-1.64277601389024,-14.9122980911679,-7.38112947038985,18.87137673369,4.82848930163373,-9.85084795722729,-8.02234850606749,-0.228998592423798,-6.11638181529414,-3.35629998228605,0.391471174357101,-4.3949719727299,1.56001712414231,-8.47120316330508,-2.37884849056948,-2.92604363228521,-3.50052420150832,-6.7239014568456,6.7099339686121,-2.8859904475722,11.9680962317911,-5.84398443870737,9.13347863209658,1.77074452485922,4.4480048204857,-2.40304505626608
-4.48830936600203,1.26288855963922,3.58652010678227,-7.87783444347186,3.94266244993908,2.25817325592734,2.63907491086247,25.2179954498087,4.89869719157696,1.47635015065188,-4.17360420058969,-4.70822073211875,-6.61577201786472,9.6181614175311,-1.76354225944953,-1.53945910720622,-6.18032646828098,2.24286726960954,-5.18971862302173,-3.76612285394769,-0.111807766854416,-5.32480183151537,-1.67656095270194,-2.01158805235177,-6.94311325608434,4.10470131748766,14.5984182721126,5.36294698809368,7.96684084991428,-8.92448429332129,1.96242116347163,2.14281358918385,1.57151507884586
-5.74275884511676,5.46335044632816,4.96665017001735,-5.22942395674771,-5.99441378145505,12.2748672214912,-13.2647426622725,6.496839734475,-5.11164700111043,1.95959181496748,22.9619159226821,1.65606547142052,-2.76611226522623,2.10460133849935,-4.29811815721291,-12.309022208501,7.34136950952601,13.8926344481534,-5.43161648243713,12.0554097762204,-0.810148603022266,2.99044270083392,-8.23179301089624,-7.24622004463546,4.30080594789994,-4.25741669967286,-4.06751857820888,-1.37138468164106,-3.4031414034731,9.51579998470358,0.413412477332957,1.30684912561971,0.68241589336031
11.2279849840232,-5.33702422095734,7.0054792781599,-10.598526536872,0.525119285946266,-9.66135817896965,5.50075676163836,-18.3258939424259,-13.0325699748624,9.97398824125137,-2.06977522387795,-4.9722911849304,4.98912272049385,-3.89515376744715,-1.93216322184462,-10.2494327262953,1.46064240662109,-7.50739579098029,1.94441004519077,2.87689017154026,-2.18147019102564,-11.1417862786429,-4.39512277264842,8.01062880273432,-7.61546882425823,-11.5202047813053,0.570230970745783,3.8990267501532,16.5398992889621,-7.15734894489078,-5.05936333139058,2.2118538537742,-5.61458901974576
-1.07241569838559,9.92569155228556,-3.69768776142985,12.7437184906459,-2.41847033295494,0.499194637257044,-1.58690107122073,15.9786462469785,12.0175843011635,3.85036601079828,-23.9280618270489,2.89170036941376,8.12685695167633,3.62702266359675,10.5565503532458,-5.81207652543821,12.3995698682559,-5.83390454924542,-8.69639646195141,-11.4325666037339,4.72017452307474,3.06920448777525,-9.71700765664586,4.28001512224186,11.9062682227743,11.9506097412573,7.48251526735565,-0.611256432812346,-3.38895847409927,3.52415462322837,4.19196461573989,-3.51827626937683,-5.188231514707
-5.5611043636827,-0.860685325652728,-6.22008067204524,-7.05658309642146,-6.65356970379847,-8.91589821514694,4.69875271577186,-2.24010694985519,3.16361434975355,-7.45817681254213,10.4417846721176,-0.464119002317793,-5.18573631672752,-3.63489849877585,-8.38022853864238,5.52431614398042,-21.2952703291563,-10.5923054656401,0.118126752650696,-3.65980246025875,-4.61104056846818,-2.44556549723362,-2.36466546840385,7.04943813934342,12.5966000289185,6.52346811637599,-7.86137797468002,-2.97657719443414,4.88420214165248,-5.05904950909498,1.21882842978595,1.74938906858909,8.57714153467228
5.01733842802678,-6.91020938716089,-4.28776383262012,4.39769538279674,7.29971039887653,2.37735953701315,-9.38233057244126,-18.3082879030304,8.4971713264147,3.72217793630258,4.0366179899793,1.09898731784304,10.9227958031711,-5.22293963331089,-13.344511411424,-0.733788781952613,3.87441876594231,4.87741447089691,5.1873153674355,-2.11811885396535,-1.10366780993504,-6.83611054088866,-1.4324124783047,-2.59782116035725,-4.86229018330708,-1.34949195877295,-1.71780288507379,-1.64745724371397,-4.98668320919046,-1.64326007880137,-4.89016512018609,2.68066002693059,-4.20863098410379
-8.18576396774939,-8.58184689636597,-3.27842380921135,4.18125741033174,-4.52368228563703,-3.26533399201164,7.08716540834136,14.6240999053347,2.32538327277757,1.08552119959678,-10.7157817982196,9.19016109850453,4.40585276220884,9.7599902721637,-1.40942113447591,2.28137226138308,-2.0995227830954,-6.53925709831681,19.6052139771037,2.42581392094334,NA,4.07277638897012,-3.92048198166535,-0.776846362448837,2.71146006604002,2.21443817778239,4.26572580328429,-1.75314478424644,-4.78000379537606,3.79127550724568,-0.543361092939973,-6.49533202791354,1.09494537553303
-1.86841808632909,4.67302530389416,5.3384303348605,-5.8204037733958,3.49036600930733,3.57893019252318,-3.413725010939,5.9358093866616,-7.36972705765041,6.97158067658198,-16.4624790130189,-7.30496922557904,1.0654084691056,2.62337974115781,5.16195439838913,-5.17769890344236,-1.6141367414387,-0.0198950523245092,-1.71259092064711,9.8339021971953,15.2756685767919,-1.79814712497368,5.31841544203908,1.34670836915553,-6.23391032604284,-4.73970844336874,-19.7397984839668,8.13320404088323,-2.61762941626726,-8.6683044471997,-5.63864829796142,-19.2908165538013,8.45583118215564
7.7556652144862,6.33756596950184,-9.70839894786767,-1.3993176894372,4.07020379381649,-5.00849936684802,-7.46338927323278,-0.270903362213032,-4.70042005106254,1.64220581276038,-13.3063481930162,0.409885206225677,-12.5208383638845,-3.46638946918774,-6.79956887350965,8.44853511088597,8.88363825632041,4.14974134497367,-1.55604090000619,-2.65614171034981,-3.38250242613521,-10.1511877928095,9.72578137402189,-13.5708208985133,2.46493988893649,-5.61460203141827,7.35623294361285,7.30715600018087,-3.91355096298731,-5.6588083513636,2.33692853092969,-2.82113716280107,1.9812870645184
9.85267421056808,-0.812055125567218,-6.38234061597623,1.05545102589449,-1.69767973574782,11.9844811549461,-4.07423187044899,3.0936410518656,-13.3442508067021,-11.2211941498769,NA,-5.44073484241476,-17.0324174706974,-5.23198349431984,8.14891409802897,-2.62977477436021,-12.5890355689877,11.0346714399824,-3.07331558533474,-2.39879617088136,4.60339919266564,-0.0613726707141113,7.40497523457379,-2.23617756229123,6.71918328259982,-7.67187206030245,2.1096290593219,11.6057093844376,-6.14184910163835,3.62891566587983,4.30880537222146,3.6708549295328,-6.31416715483948
1.39392116710733,2.48475989761909,2.87191372220832,-8.16008978081442,-4.34798073069826,-2.80274432131115,12.9853580431361,-13.5390782775061,10.111541450252,-2.51579735140749,-7.62736673549647,0.231612637782047,7.60099633574823,-2.87913716994331,-0.668332684474785,-3.82166143298876,3.51874472657781,-5.39592252024446,-8.26647859736002,2.82638299655353,-0.837367492537956,8.40654591578592,3.52107452734488,-6.46105028276194,-9.2737371805248,17.3959234629093,5.58769966885878,-9.50086149291385,-9.1724561662344,-2.22806654938119,2.55822653743994,2.82401168337864,-2.06035525252717
-0.495942199930889,-6.21732870086988,2.05200606743769,-2.11974279686743,-2.86665539029119,-2.4346310790558,-4.55454543457077,-16.4013607536364,-0.383793108288173,-3.47852644623912,-0.0882074698418923,15.5372847832779,0.775881494155653,-5.06367302544482,-7.29700467881022,-3.918806650883,-1.9511012280169,1.08095188943702,7.92988555180545,7.2753136301161,-15.2755041897292,-5.20145913317368,10.0623717431404,2.72610470854438,-4.34061750484095,-13.6500175596832,11.1115349040504,-5.17235348155915,NA,0.490961776210111,2.76001582304871,9.97478796056944,1.15138733585975
5.95930096125164,-4.95699901136037,-4.49555131024056,-4.12234470427826,NA,3.83928291526025,-5.46832353746991,7.8341089572646,-5.90019601628878,-12.0210904796579,0.946231543651127,0.211905444545478,5.53121192931436,9.853436086681,9.88080290593782,-0.642098847168312,-4.47124072189164,NA,7.78308842159415,3.04771584284589,-4.47886517345231,2.47580089883937,4.52834194657384,NA,0.295411104258952,3.18731293966073,5.85501246714375,-5.52363749186872,-9.13793357455013,2.61142228872703,-5.51466242118031,-49.3178267757293,-4.85205477538206
0.700963857355121,10.038031262329,-10.606603275146,-7.60422896997799,NA,-20.5764802114621,-4.07104935415365,-8.40705337038071,-29.1860665444283,-76.9562157951732,0.0544894741714277,-7.87106944292061,-9.86249456310696,-6.57849172848947,NA,-7.71073494704356,-3.74673843664164,-11.7651686943468,-9.41072549492844,-1.41910601658559,-1.51912673475225,3.34852826539373,-3.98403545888674,0.337246473805012,NA,NA,1.29228046243978,7.64459896476041,5.87079252665738,-13.31666219188,-62.2707719101218,-54.5389029575097,-11.4814198045201
-4.47768558808769,-1.09786280934628,-28.4145452914792,-6.66966535834526,NA,-20.630357898893,-4.46180557222424,-0.832285028506321,NA,NA,-6.88900186752367,8.72991681070943,-7.3553297538902,5.0790447664666,NA,-2.43808148229532,NA,-9.70484309738431,-75.2297268438736,-2.907353700686,-10.1211636503742,-6.48288962035985,-11.2378372878112,0.883034610287593,NA,-53.3420178459395,-18.9339335313258,-5.77448222273063,-4.834221922262,-8.9924424918147,-1.61171846473026,-46.5279399759262,-46.2792118452089
-3.81543587658906,NA,10.4589329797749,-21.402077919125,-4.76615819865653,-41.9227241629666,-5.7812244409769,NA,-37.2743574815495,-35.0728332164395,-8.04684547826056,NA,2.9727977472463,-3.17176167718964,-12.4643418706069,-2.34454941325938,NA,-62.5071625388958,-67.9813259317446,-19.9286746502028,-6.97015659438962,-56.2977810185141,9.09722495325759,-2.27783360882634,-14.5519337062699,4.01303377214675,3.65752938697177,-33.8135474612638,-7.27722812472845,NA,-11.591437614702,-42.9680968137873,-48.7183964928098
-13.8552811186157,NA,-27.3338664827468,-18.9703613540484,-0.0363456984319237,-15.7775019589686,-22.2600961658779,NA,-27.090531707685,NA,-68.8940298363378,-5.43538852050526,-9.91188891467619,-11.5859211365063,-15.2821131621913,-39.1972002418292,-7.3463036564736,-30.6955740442563,-41.2143040742643,-5.93830671610106,4.01392515239249,-62.5107554881326,-0.400968114328399,-5.74155827506263,-15.6179222404589,-29.6275301517983,-5.73065221360928,2.90148388442514,NA,-40.0072022208644,-16.0137458540251,-54.8343046500859,-49.8083411108856
-12.4200280578075,-20.3221785409126,-36.0153125202582,-11.1865895468758,-1.46659767086383,-22.5172657450485,-28.2962747871164,NA,-38.9014511890515,NA,NA,-7.01533344344783,-24.8067128949857,-54.0928233273194,-13.3175700415181,4.32496025743417,NA,-49.9141898857998,NA,1.66465922238246,NA,NA,-14.8433263369286,-5.35384811510288,-4.346918954937,-52.7548051246144,-7.19533839030176,-5.40555937483105,-17.9072947025502,-55.9264824584817,-23.0301931934955,-55.6875977549845,-26.541834014267
-24.1271188849093,-8.08010684504679,-7.16776471610109,-27.452052026766,10.471006055858,-24.1301767849287,-22.5671120718577,NA,-44.2926807195898,NA,NA,NA,-60.1991239152344,-34.1108967762948,-27.4554007467786,NA,-35.2368073365546,-37.8265178494622,-9.38771542740787,NA,NA,-67.3709681121252,-7.48999548552475,-11.0864910386945,-41.9788682019022,-33.7315551133576,NA,-11.1595205205213,-27.8473782382579,NA,-13.0392211146231,NA,-24.4200755629676
-2.12924734891591,NA,-20.1382681972763,-49.1144074126101,-20.8220476068558,-52.3357518388051,NA,-13.6282581323273,-25.4623025024574,-50.8847403024661,-19.3380678408647,-29.9387544642674,-26.8409054521171,-9.00053308149232,-21.6112665580836,-9.89868743792916,-60.6805437449639,-67.7640084308609,5.49699754123112,-2.97289640664378,NA,-26.8654562776939,-24.3821630734254,-5.67184566762184,-14.2212232860976,-45.0422577500064,NA,-8.74572782309391,NA,-37.5349763023126,-26.6030448264014,-62.3646672991223,-29.2006470934538
-6.73373383930547,-51.8166201381629,-19.4626161801145,-34.4622271935348,NA,-36.8819193465952,4.62029465206116,-14.5558487879474,-15.4908609843641,-14.914450260672,-5.01027037703355,NA,-65.7624618300563,-23.7845342934993,-31.7627747104538,7.72239925386857,-28.277876591141,-60.6588104864947,-36.4207716880741,-11.4280970320332,-2.84519468952934,-9.43899776113843,-15.7794670891055,-20.3292226678464,-21.4526472029437,-36.2664361058678,-3.27454909876459,-22.848386053375,-2.71774005483628,-39.9362532262572,-71.4195342544238,-58.8225165447691,-31.3443013597352
NA,-70.1836784884026,-27.4796082954067,-24.8352826945134,5.21262088534161,-25.3769252580226,-32.0723969228958,-37.4789614943279,-35.5808079432497,-7.61593471389498,-23.9441575206228,-9.84912694133173,-43.2154935714039,NA,-27.4722534128108,-18.3409449006949,-49.614574197713,-44.155753902251,-16.2014440690857,-20.236744226319,-32.5462318932406,-34.8616144590147,6.0180658777558,-13.3399517273283,-33.8776810686428,-36.8201460630118,6.55468452210075,-13.4287072821122,-21.6690583339682,NA,-21.3263746903144,-69.1689354753279,-25.6175823204491
-58.9993122932565,NA,-22.8024524714686,NA,-27.3930155543302,-24.9654884027794,-40.9175518091582,NA,-32.0332524954067,NA,12.2081777913836,NA,-50.8561492158192,-1.05905100404413,-13.3934494047279,-27.575086224625,-50.0395926392699,-48.0418978839831,-30.5697573185573,-22.4776890959223,1.34729512020778,-46.9059175035286,-6.37519006967136,-15.0686095485336,-15.5001891015299,-22.6066972745276,NA,-16.2676283430643,-19.2974290855435,-45.3333623007364,-26.3904842321159,-52.9199144317514,-69.3195121795967
-23.6085839264366,NA,-22.4168467616326,-33.5101458875157,-6.86766784085644,-38.8077325869813,-50.6659265552313,NA,-33.6478443897581,-67.204502958737,-16.7545794510411,-8.79769084557738,-56.4666778149276,-43.0697651481058,-31.3057629880159,-6.46542993796007,-37.8059123311853,-40.2762891176653,-40.2220953780759,-11.6580170962721,-10.2015717658996,-36.7265007125271,-33.6147449133996,-3.09140325023967,-29.7637415959801,-57.6953593758825,-26.1402478026447,4.48720632728029,-31.0315792043654,-21.2739012796451,-37.835921006559,-56.2093878814658,-37.4497335251443
-1.94393633687464,NA,-25.2833445164773,-29.2861361334382,-12.5683287423067,-59.7592806515091,-34.784851894664,-6.53725940997395,-53.9168089470342,-47.9424912236865,-18.0779361001504,-45.1993527312949,-39.9071088959967,-12.0914452759337,-1.98425107912348,-14.3824489368673,-31.3022087050504,-41.6239135579242,-17.8845458277674,-16.3228710703431,0.992259449412244,-24.6626419320453,-18.6333573803498,-19.9063844223617,-31.9662931390061,-41.222628049466,-1.40939288830591,-19.0020005179863,-8.72532566595468,-29.3866826536644,-1.83527848419321,-52.4244390043312,-40.2853947624569
-15.9143418891366,NA,1.25139897447846,NA,-7.15999352195046,-25.9414947099333,-20.6476989130334,-12.3894957158066,-32.6198952593657,-50.3948009391683,-8.89402983633771,NA,-37.5092149874462,-23.2534539092522,-20.7414319489872,-4.73452488626379,NA,-49.1546327489215,-30.681687180189,-20.2909769943667,-12.9935486020746,-34.0396627191508,-20.9047239506039,-11.574946181756,-25.3619391103509,-14.884438637478,NA,-26.9363149688381,-48.784474198181,-31.6875177195844,-29.618300120294,-48.1244105964107,-19.7961023520142
-23.3277724577841,NA,-28.8017272171821,-31.3993176894373,NA,-41.401447087411,-54.4090732507129,-65.253148518506,-42.1666147505752,-29.4215020464839,-5.21715664016557,-16.9195273731095,-49.8559725759387,-20.146563913319,-32.8523585993235,NA,NA,-51.719811023316,-42.65092557936,-9.21254272050904,-14.1387106464602,-64.0177261635802,-23.203789102986,-23.557421346724,-58.4184528988528,-62.2261512291859,0.0729296838499134,-22.1463225422705,NA,-40.7656519284763,-27.3820900789752,-68.0024565189561,-46.6469002072007
-19.1753044564455,-43.3325101041105,-25.9682830584011,-25.7574953917717,-21.1970783957464,-39.8593682170292,-21.6328998365352,-78.9575915346637,-14.8208003456131,-50.4783498465597,-16.9226316219944,NA,-42.4436407558565,-30.0575460364271,-39.1033128871592,-31.2483535719607,-60.0478434147316,-44.830857191099,-29.0959981719346,-5.58178991318941,-29.6784551087635,-62.7572215842824,-31.924860461801,-23.3182098194261,-11.9670002019039,-30.0436251196088,-18.8723179639684,-12.0509920619405,-26.916968514817,-34.149255213093,-43.0996991104512,-62.6904035916741,-39.3266144946595
-8.945448395244,NA,-22.2900933842068,-50.2726947998468,-5.31340455738457,-40.2887987144178,-40.1859814842817,NA,-43.3091066206731,-41.5367103538215,-2.19605751683031,-3.52396177146765,-57.3392358494796,9.1844530651327,-26.4793164447356,-7.96012662245962,-57.0270826359407,-54.3210357583967,-15.9057667828273,-18.6619894243297,-20.2563651494006,-43.6435402297125,-44.3731755295075,-9.82170468691111,-38.4988327601391,-36.3359107094048,-64.2330196100316,-25.0318399550297,NA,-38.1112198128001,-65.4864172680736,-64.7916493962054,-26.5025402793662
-7.54786350773291,-29.2087535769254,-34.2409147936087,-23.6479710408812,-3.13263654393742,-32.7975880165924,-49.4494588769339,NA,-42.4301959051727,-61.8928330707888,-24.598192375301,NA,-22.9761278245315,-26.0682756843199,-30.2249508370394,-51.2776782103784,-32.7433189787053,-22.8055395747093,-31.1144692146841,-22.2645346595249,-15.1765381193811,-55.056123645161,-49.6762296041892,-26.5379807359369,-27.002209460204,-49.3073628639302,NA,-6.01386867049284,-22.9420597935523,-42.1111032953662,-42.7411454524685,-36.0394130136798,-21.5830709190843
-14.8951121440196,NA,-33.5929620184967,-16.8016210993301,-32.5679231202763,-30.4499952894238,-41.0016780529542,NA,-53.3662323144381,-28.1604188586616,-12.6890330600221,-3.49475587257831,-59.9216801706724,-18.4284599052136,-2.48882784947955,-16.7821805658028,-53.0713263719773,-52.9849754014886,-52.3992002375064,-25.2243568348234,-4.56847259220331,-53.894064466237,-18.5242208348275,-4.63087777856403,-28.6790019212401,-31.7221294292402,-8.06889920623435,-16.2593759208063,-9.35722131091479,-25.5146230391148,-52.2550701724157,-34.4817831263558,-42.0977790684759
-28.0876122940008,-67.6927574888207,-20.1935645246977,-23.9308176445478,-14.8588516443408,-56.0345491640549,-41.1088876666449,-31.8491137009884,-46.8815813920321,-59.8587424379797,-20.1655539179415,1.37099569021798,-43.4293179249663,-31.9952196003116,-36.4440289905739,-13.3312297149651,-54.4875883966831,-14.0705252303188,-23.3983127526808,3.75427636830301,-8.97387773144041,-39.6787726206416,-32.8026196142063,-28.719632514145,-20.3965174926999,-39.2858940804948,-28.2844215830497,-22.0053180373115,NA,-39.4080624033812,-52.3730542291535,-69.791764672106,-51.0043352595478
0.031916296800621,-8.3103330858751,-18.3153300699026,-14.4137342672688,-16.6146782265185,-21.7029279797298,-28.492617082559,-41.808581612823,-10.3744381087136,-33.9902227239464,NA,-7.30046690107571,-39.3376188769977,-26.2522490230997,-33.4199779597035,-38.6097300611971,-44.3150491337693,-50.0102042939412,-14.094409675301,-30.0822299395204,-23.1051569031846,-51.1698315853136,-26.9206939965508,-24.0565128766864,-48.2671522830877,-39.5742170006858,-32.985424305283,-19.7455995302997,-63.9440882859897,-35.7658216217648,-40.6683225854966,-26.3047698026637,-48.8189898785474
-14.288497187288,NA,-17.0716800731497,-9.18465816099566,-34.8026899322576,-63.0623937867146,-40.6087244171688,NA,-41.8514431479982,-46.2679026290623,3.74330988514219,7.39559885507673,-31.1782422633913,-27.6400143119674,-23.0875633573468,8.89054755767397,-63.2175693817919,-46.2696607924703,-11.545343957723,-14.3686429592868,1.57057539046187,-31.3464214142077,-34.6150225125303,-21.0452909594518,-25.7511543951203,-24.4279552687344,-23.3094024046714,-18.8830918662161,-21.8771478875691,-28.8080635258052,-29.2704794042606,-60.6481615665875,-36.8630462102061
-29.4871306928086,NA,-28.1785722559379,-29.5890006655778,-28.2501311056145,-47.5953999639809,NA,NA,-33.4286685065193,-41.6273324417059,-16.6047501256233,NA,-43.5757492176584,-16.4315701695877,-19.666434056389,-30.7317161007717,-55.0082262239308,-40.8458335865406,-62.9762105242657,-33.0594899606034,-15.6335309366548,-76.8116372057358,-38.4609783749567,-16.8949936530203,-5.0979657972104,-40.0241512081003,-67.3253619729032,-25.7946322060823,-15.5812482824189,-18.8602330302303,-30.8486447170897,NA,-35.1419749444895
-21.5510286963516,-5.45453057681291,-22.7759199003689,-14.7340337841885,-4.84094919048021,-36.6447111525683,-19.8725394424356,NA,-41.8124693999255,-46.8642314090514,-36.1511131081094,-19.8326530717091,-15.478856850491,-42.514961231999,-21.4027060490045,-43.8621395573678,-45.1236538848844,-59.1536742066482,-23.5929203341147,-14.9440589837322,NA,-41.7704510752036,-26.0583308584904,-17.4516213237584,-33.3061672128482,-8.59719943461661,-5.01482043648035,-32.7201522468953,-13.4951584434615,-33.7045642498137,-31.9365894476505,-52.060276126321,-35.1750303688485
-17.8162935145911,NA,-34.2498434495884,NA,-23.9792187405915,-26.246455697257,-32.7447453042055,-23.1898601343362,-20.1433308257869,-60.5905398152972,1.46539626911255,-7.38234170843671,-26.8656945596176,-31.040945423451,-17.0021681716567,-47.4377430383889,-54.9656924484529,-50.0916138716531,-21.3340854758067,-16.5667379941667,-15.1765381193811,-37.6436914188447,-17.704260811335,-13.8723192713566,-24.8888753205596,-13.922504702444,-59.6601230623523,-17.8526764144131,-50.4634616647964,-19.1694950766692,-27.5223581932127,-43.9458439052094,-51.9602102554514
-40.7685146200082,NA,-22.6096326451045,-20.5518115525406,-23.3377684894316,-33.8251663580105,-33.4727056022096,-14.5651395515512,-42.443272239439,-59.1778490690673,-45.129637868348,NA,-42.6916628564802,-13.3597276270355,-26.8358901705019,-28.2433903865555,-53.0659892761622,-49.8340101326676,-23.7314546036838,-21.6205530631318,-11.364409917361,-48.4434337019514,-18.5628031837452,-8.51154026771597,-27.691525939819,-11.6963821790371,-4.94136782832226,-28.0969012181253,-39.1274988864695,-38.7377441730607,-43.3022475789204,-41.9129672222442,-32.0241833497062
-18.5075186880725,-3.50206880328866,-30.04912332543,-37.5006083632123,-22.2188350449578,-41.6994572454817,-51.1940773733414,-22.2580048658546,-43.1053101648196,-25.4071467249186,-4.54161640695664,-14.8125020505762,-40.6047819550398,-26.4545379421333,-10.8284600489158,6.57746377589416,-55.4987388889275,-56.9591095131666,-44.9477017894188,-29.4050495053663,-69.0314591295817,-37.0600675327012,-19.5955353769418,-15.4627371683592,-26.9505364344496,-20.3845745753745,-31.3121650603803,-21.1951548082942,-25.2202054394604,-40.8079707674579,-32.819237240347,-34.8524070028477,-5.74951135292042
-26.4532344237465,NA,2.20613628649868,NA,-33.8081399631111,-47.479088808531,-48.5061761230358,-43.0492692801627,-49.7180321043824,-58.5710812036682,NA,-13.1363088069503,-45.875698782272,NA,-23.3497780038851,-45.0661648614298,-41.1259141672416,-35.8413571869676,-18.4565893690651,-29.2608761632261,-62.1112497179867,-40.8176575633735,-30.9371778693186,-27.6706747617459,-39.9588056279454,-53.0251052334396,-29.3175250768226,-15.5520660323902,-20.4035281523382,-24.0130372059992,-31.2492423903649,-55.286787953119,-35.2903804462425
-28.8596529269518,2.35118728992571,-70.3834208763867,NA,-17.8613122928376,-37.0306455523196,-36.6126738355325,-8.74483911307968,-36.28681351376,-62.9427862953316,-6.54016563737594,-42.8937888608656,-47.8937322175847,-12.9583985822391,-30.6724076057041,-26.1874195583304,-58.4105803912049,-33.3397475656523,-34.6657042469834,-24.3905115448384,-44.725160379611,-47.9896091611197,-27.2416347590169,-20.2840850016739,-39.2737371805247,-46.2550930098756,-32.015732864251,-32.5505210101771,-13.0319555381171,-26.1588340714703,-45.9253967407881,NA,-23.0535435979873
-38.5507662653439,-34.8216779570519,-16.2756283961275,-9.25422157340439,-17.0718737096642,-37.9846734974995,-50.2854164031831,-10.1672146847344,-42.0393241018708,-60.3766217944751,NA,NA,-30.9516022112863,-26.5087207778903,-19.7437429496255,-42.5140737938085,-48.6420655093959,-58.8152238966967,-35.4443121896832,-31.5491444900485,NA,-45.3566347340487,-17.6586258519273,-13.8679190575089,-9.29809660792881,-36.5967446669677,-10.7759671876618,-27.517711968426,-22.8742278622988,-21.6962177050449,-30.1059268305168,-30.0451064792433,-15.086631982158
-31.47516471881,6.94670130805031,-26.5544843981767,-18.7816807848971,-32.2502839794642,-20.6289773914767,-51.7933099450608,-7.83779182220535,-51.6735662510191,-55.7961873945761,-1.40090500871798,-13.5582194400824,-53.5700775952374,-22.7663346956795,-18.4714770432794,-57.5876822836414,-56.5464619066851,-9.94385047250557,-4.42663856479979,-11.8402710645957,-36.352391826342,-50.2840348288589,-74.9909423950069,-25.4192197511679,-21.758518809544,-20.017290215223,-30.1486190630007,-15.5891375167598,-25.124995382879,-20.1758313065377,-41.2082621991949,-59.1486501159579,-17.2421754321872
-38.4002343405226,14.3074664314424,-25.2497791288043,-39.1477642636314,-37.4547619338261,-31.9346853433007,-22.1642800497607,-7.67384548699558,-39.4712498789505,-70.2595344924924,-12.3341229932512,-23.4583471557157,-37.2406302465688,NA,-10.2097232255614,-32.59967485489,-59.8708286442554,-68.8994089385286,-38.3220753283759,-22.6519729376666,-35.1668454028167,-47.7709852234522,-29.2525859493596,-19.3401250954189,-17.2583802097547,-26.2486263685954,-23.3729598271962,-12.5685272355376,-32.2315011317835,-31.330939446152,-40.6400562284755,-43.1158639067403,-20.5650446173183
-35.7233672616651,4.93106057928366,-28.8306455786366,-33.7366636685325,-34.496943358511,-25.3893661614808,-44.5429244246088,-5.111932260396,-46.9813391436509,-40.825958151443,6.84347324994306,-5.53866982693131,-49.3323932825152,-54.4989035046629,-22.9637035201148,5.31219649327665,-50.3540287595076,-41.19790965852,-26.4964317398664,-28.0904629059532,-48.3803483631249,-37.9104807629474,-26.8570677341936,-3.35381172291554,-29.4315304783545,-45.3659309832949,-8.26104429400945,-9.97287243620061,-18.7273553800541,6.67718156017568,-6.0979065218268,-61.3253866656783,-28.1884873522319
-22.4168691432647,-31.1847726796613,-33.558566111454,-17.9687551585157,-13.6327182402797,-34.1019470167558,-49.9871466671757,-28.7065944141727,-53.2200741075826,-53.0561209958909,-20.1579976305918,-9.78941262936817,-51.4312020359966,-21.9311544254151,-29.7826777249344,-42.8530827647963,-60.3655077834002,-58.1097840778098,-45.5435541826658,-32.8834441401363,-36.8629891603273,-35.5190770760441,-21.0100651603724,-23.1232474110261,-16.0496426484199,-34.8210187997958,-21.2164808536106,-32.421804724298,-17.3909537952583,-26.7637909033638,-38.5465646666886,-45.9886980653611,-65.5940713880357
-31.7379427030118,-2.91803365409124,-21.1473529748631,-62.5483965296519,-19.5993124717277,-29.0531675642404,-37.5570597273022,-32.1531713071471,-34.116612028579,-58.648095244279,-8.54635524751482,NA,-37.880818146743,-13.2516915028791,-14.8613937087827,-52.3236715758567,-48.2769360307762,-55.8833658340519,-42.7500740926997,-14.0739004640086,-14.5846122977993,-20.5456455301459,-20.230085039554,-13.030703294329,-11.291040163862,-33.0015506600147,-20.2400940088113,-23.7716341372977,NA,-25.3002845277127,-49.899352206596,-36.1970826762119,-67.0368889713038
-29.2242638923124,-17.2294770535035,-16.6042921641571,-25.817200798882,-21.7233784239748,-15.437786816877,-46.1854977968788,-37.3434763970789,-50.8727647481424,-10.777030369399,-38.0739785296199,-18.0822896677583,-47.8022285172545,NA,-20.3714509871974,9.69843593958447,-68.3573443335701,-52.7621968284288,-36.9969999450846,-26.524921272058,NA,-35.0143379058964,-42.3118968949749,-24.4062174647223,-33.6533211699549,-31.1791962267424,-12.3030504915438,-19.8044381223021,-38.2701747023721,-31.5683688865562,-35.9359940907675,-43.3681060747096,-61.7343610148594
-21.5440715484198,-9.82997257218866,-32.4801909026601,-55.6544788434401,-18.1757394933712,-28.2899922695378,-30.2015467031621,-31.6214109255787,-40.0868822698476,-61.3791894602333,NA,-33.9287325561006,-16.2236602803886,-6.00248188386486,-21.2546950048668,2.10748023106277,-69.0165967718887,-69.3317485240028,-43.6548450789158,-14.086417153545,-26.271492326541,-41.4832441473872,-40.2565977877319,-13.3386264322878,-16.5147753347287,-35.9990125846365,-28.1050042785975,-19.2389773434517,-22.9737921699697,-11.4788827734136,-35.7430617566431,-41.4987077276346,-16.0560706967902
-35.3920581699657,-14.695351149873,-20.0440808786944,-38.5458468631631,-21.2912006007286,-43.4497802413363,-59.9943660527889,-48.7942018414601,-27.6123190625646,-27.7986876422622,-24.5712041760345,-11.2496891160921,-55.2867909217495,8.8022227906826,-32.6402178850512,-15.8649691040844,-41.6682879851027,-46.6771595819304,-38.8258131234364,-30.9700620651602,2.86133322854733,-40.6893681778708,-23.7590481619164,-31.6527336444157,-12.807527666659,-16.1377687976895,-35.2976625389351,-11.1702485241152,-8.11443433564927,-22.582341694029,-48.4840602830207,-26.165491542807,-15.6577030903463
-31.9908847704328,1.18491753865716,-37.7959571630354,-27.7506403497938,-9.62050386382107,-43.7072073603711,-48.7406088166038,-35.5706848184784,-31.5033427180125,-64.8783534175503,-18.6192831577427,-11.5257639135387,-37.0741663278694,-28.1175966630403,-28.5927407332662,-38.2507064595604,-45.8081009016116,-70.0927228254549,-25.3242803827613,-18.9971997482149,-13.7128478816693,-32.9597115329298,-26.919912477514,-12.5736797346043,-24.6247238088067,-47.0018889856489,-72.1866055247823,-23.2099305499328,-20.8237732599555,-25.7061582463705,-56.1980933396173,-43.8456642598856,-29.7611644558689
-26.0754463514298,-15.0196265402523,-37.1283141028015,-45.6328751781557,-29.5247433397596,-38.7402522918073,-51.415103302496,-28.8988750266158,-58.4635726493205,-57.1465767938714,-15.0675222752413,-7.28870223671891,-19.5604300440353,-28.9891000553313,-28.7856222161613,-39.4076556950233,-59.0555151350156,-41.8695390772196,-52.7417429365712,-13.6979292171928,NA,-31.654752574405,-23.5345484529438,-13.1568331133764,-48.9898086177845,-58.2036490113467,-29.6814738276015,-9.42999701660848,-20.6233828966301,-18.9864095331656,-39.3851658305165,-45.7473651424565,-34.0049361345787
-20.3082547882257,-26.8213947725127,-25.7695969095655,-50.1854633546926,-27.0122678016101,-38.5765476290733,-30.7681542085439,-45.7392899876933,-39.6579747876563,-49.7228803135775,-51.0703507970413,-18.2002358226243,-50.056770355864,NA,-24.9855763719181,-48.7387622036217,-52.1523322418199,-52.0100023795968,-19.6893238859598,-15.3292282204069,-26.2883746301796,-24.7316734527556,-27.770958217774,-24.4026211998881,-20.909320959563,-28.8882589807575,-73.4689423565308,-23.4112207995846,-9.98829537624156,-26.9333293869999,-39.152591978556,-14.8951965201423,-17.4490389332257
-19.2528305934514,-11.6355610156097,-31.3991851213311,-60.9632921872723,-28.2769596285852,-46.3107305090913,-38.2413744800531,-40.5764865340882,-46.5577597926345,-69.0347706006123,-7.57098095565971,-18.8652003698755,-41.5404867803661,-39.6463903225427,-27.5718818150111,-2.72369954524167,-45.0616219349366,-48.3296443254431,-2.94601876294292,-22.4537683093195,-19.5486578994011,-51.2846247776606,-31.7438782194024,-9.65769208448379,-40.51917659545,-44.3723325847117,-10.1798033998826,-22.5259970915355,-24.810434192891,-32.7680888726572,-22.046314768081,-38.547377762161,-23.7523921399437
-31.5093898054782,-13.3070032417862,-2.52605061465561,-46.8666758190612,-17.5507630595139,-39.6557111179121,-43.4034328369508,-5.10182509972491,-59.5294887211562,-40.9105966609105,-2.02922261840495,-19.6284856463953,-39.2380110069538,-1.90581242509377,-26.1708490094113,-43.6757299300599,-52.6657485089364,-51.973687676978,-24.9188190707847,-16.3142156140951,-16.1941233010448,-56.6157283440912,-29.1247419351867,-15.7471532635182,-30.4143264928768,-29.7886312756531,-31.4281671029425,-26.0555315426715,-23.1953220505141,-6.16245671893034,-38.8377338536361,-33.7818527540103,-24.1844800587201
-36.0942794856802,-9.17584215501738,-26.9959048605253,-42.9300209778492,-13.1675323016814,-47.2353697061142,-51.5567093166262,2.06780162041956,-34.9493750632085,-49.3450459763808,-28.8944087527273,-29.6188797419906,-39.3450465960501,-34.3731455988633,-20.510953788774,-46.7891363164246,-50.1847678540366,-50.8244857095145,-38.3388068449588,-31.1260027728172,NA,-44.897615661833,-43.891496198053,-32.9329007177435,-16.6339953676972,-42.2643323428344,-10.5894944262814,-17.5688329948996,-20.2389345825785,-18.0906613177697,-29.8548830538226,-32.9280686771383,-47.6471430178595
-35.7427588451167,-8.99560659073183,-27.6140346777961,-42.903395141477,-22.7870718089186,-42.4090942344813,-47.0467625752649,-45.2391775412966,-21.3131294029859,-52.9965251080373,-48.4815561474821,-25.3474258976907,-38.2739611604961,-28.987185108921,-22.3266987927152,-55.301614661844,-47.2721891582361,-60.5580339186866,-12.5318645759811,-20.0327761546862,-29.0110421814278,-43.8953821179404,-13.8820391929027,-38.3098613685558,-41.9332360976119,-56.4502845196177,-26.9129323386846,-14.4591680691072,-31.6490167793923,-26.1582428250535,-32.2038923177016,-33.5475689448449,-19.4571545125857
-22.341783263028,1.90355568637485,-24.4833211404851,-61.1314753821133,-20.5209647265594,-56.0486079148173,-32.1132113286504,-9.78230615592363,-38.2129909536697,-24.3188005502233,-33.3488384426965,-15.7911248158544,-44.3680650927481,-11.764070920549,-17.0089156619252,-31.4165399254515,-21.9588403350314,-49.9326350851435,-16.4752195903683,-26.2070127685646,-14.0424363156913,-71.9724173243703,-29.0780786455336,-30.1473292934942,-28.803254997779,-17.3285657859229,-30.4323124384813,-19.4884062189705,-12.6907475701145,-27.4348549250893,-38.7672591814087,-69.1015392649536,-15.7285590120083
-30.9532083961855,-16.6911542007012,-30.4339564236501,-40.3557227772458,-24.5540012647806,-35.7324484041841,-36.3824024801076,-55.3725780086351,-42.4606106355066,-70.0631648384917,-71.5071940352449,-22.8647262921705,-17.1868004760968,-37.215859375463,-22.6459383075011,-30.133840175185,-65.2932981086694,-42.5334900863492,-32.5671732311451,-19.2847546811531,-20.8688472118882,-61.9640028216086,-29.537351619202,-13.2416317455266,-30.6501676739644,-17.414135010457,-24.3551060526388,-36.5514476496726,-19.3628020058553,-34.6606921186358,-48.632648302663,-1.0234420233612,-39.0469111218522
-31.9033628728831,-13.1634466339305,-36.8297504332352,-45.2864435004883,-21.5892022010251,-30.9702358507201,-51.7967117497755,-29.2106847855332,-54.241900904152,-70.3873397336241,-28.9171094960576,-10.2889261842637,-35.5644084041021,NA,-11.4633722791127,-41.0370558091484,-57.0412016582358,-50.4870083351489,-10.9465154132815,-24.2091768106259,-28.5989244649757,-45.8330887395754,-40.7236783343667,-10.3866071691407,-23.2008527770613,-31.2802877650277,-13.2890979997803,-24.038471933668,-16.6772834408657,-29.139496544948,-28.2382062981658,-44.8808247091763,-16.0206163249946
-43.9626577926828,-11.0831114293023,-29.41996035505,-26.6123044943014,-28.5246425332717,-40.0817608909222,-34.3614720446176,-0.305604652140122,-45.6687113762975,-62.373917145087,-60.3585619154935,-32.6438076616223,-53.4506538300188,-11.7540023113542,-33.4199779597035,-44.7602121333707,-56.2065659581878,-36.8127760657688,-51.743172924552,-23.776466463309,-14.3956303283562,-37.8890904242279,-31.1411334373391,-15.4618371519266,-18.0937317772257,-51.6856581042527,-46.3016261050234,-21.7755698126862,-12.7753240251976,-44.671912294401,-45.3317912280352,-37.5993604937347,-21.4114618421092
-27.1254964807288,-21.5255823213678,-36.7834926855362,-51.3314314956106,-25.4825703623373,-26.6601327267801,-75.0542240414259,-6.2078430188379,-51.1700485929931,-60.0311464344107,-25.368857989218,-19.6581774253911,-46.6318654206141,-33.6382532726298,-18.3475761415058,-49.4353247268645,-50.8486467229191,-46.8939570310573,-32.731281997576,-25.8350688199999,-7.70020387342331,-62.5005667751267,-57.250775675898,-35.6949483210304,-37.354339476568,-35.1036059122306,-25.1492529448286,-14.4608545753514,-25.2870956233992,-23.8259570906428,-42.1676170060396,-51.769216761483,-30.4436674433098
-21.9731748520227,-18.5205490451139,-22.0303222273125,-53.0554224171208,-32.8780836955507,-33.8983388748299,-19.8580319268594,-17.4666599001327,-43.0035509262177,-77.8170779560372,-34.6301123550327,-33.132279798213,NA,-47.7345617184803,-30.2052296136353,-29.8435856863612,-41.4454839236128,-38.5763441212549,-35.4120091503415,-26.3548155710773,-14.058498121795,-41.0887681941158,-19.219128816128,-21.4045823884128,-28.7771697682202,-48.4210539571257,NA,-12.3382863133395,-6.74868472888446,-29.9481686091555,-31.2775854858439,-12.8890654400711,-62.1414038327282
-29.6626868668078,-2.32389916460654,-30.631248858447,-36.3030595164517,-31.8111174550813,-33.3480564178155,-55.5284591668013,-22.0330238660449,-27.7770664611613,-67.6568349381977,-38.6333540730276,-25.8118079967718,-36.3444216512828,-14.9023691105502,-43.6088856490237,-64.021513708328,-0.553935846817003,-62.1638489046653,-37.1685995782612,-20.642223806708,-19.5555585819786,-47.5185831862674,-25.1348053351204,-23.7369436196552,-6.93190163738166,-50.6484566316694,-25.679712935521,-43.8638160299227,-29.2325460371956,-22.582341694029,-42.0765828076074,-8.15789042898597,-45.7368564643654
-21.9731748520227,-36.8123896586142,-38.6050138086719,-36.5862059440313,-35.6740918530521,-23.0848098626226,-54.2699672556153,-40.8240030045893,-43.2297210225172,-55.8506815984556,-50.2977786767751,-1.30071358707768,-50.2812720991176,-21.5839000510708,-25.9285899488854,-30.6496093777089,-54.649760231329,-46.6568016545617,-33.9429211753306,-13.572239741501,-10.0584900439615,-45.3510843526719,-19.1238855742834,-28.1514658742251,-23.2710195991819,-47.0784095577855,-27.8198912133112,-24.7442508247599,-19.0077523282707,-32.3065741178381,-39.797484364612,-24.1461847807994,NA
-29.4317314760625,-7.9403998847871,-30.8465643322455,-50.6579417816393,-31.0961897329715,-38.9016282264142,-50.3563666067322,NA,-34.6984464045203,-54.9763064874156,-1.84133673923657,-21.6305836291902,-41.5148422927792,-21.0002949197939,-19.440525402183,-40.3614799032055,-54.1212411853215,-50.9543197985258,-22.6319008386387,-37.577615658366,-39.2035340051855,-33.3983239978949,-17.9637692168102,-34.4939754395754,-48.0676545279891,-38.930550828055,-20.5329005058973,-18.0629710137667,-27.2528883597335,-26.0537894996702,-32.1347935615402,-65.3408198077523,-54.226732855923
-38.9297556316934,-11.1646791564984,-24.1302665392705,-24.4787539841291,-21.0688934873411,-41.6459286916394,-44.2747571927498,-4.44831434686816,-42.4561655177382,-49.281031322826,-40.6978983287116,-21.6964090054187,-60.197219692474,-26.0872232049681,-38.4721191752905,-29.8889933824678,-65.2793883977533,-46.8797918682753,-28.7842071179684,-12.1920631742719,-42.5313447174295,-31.6967334014464,-24.8948431041707,-30.2397138768612,-8.7523574530293,-32.9610396342658,-19.1735773979445,-45.749167991442,-23.9148527342975,-3.74587564984741,-24.1740011235967,-5.4138252369766,-58.3624827018198
-35.8784479581983,-12.0397165355458,-7.552720769774,-66.9172462583334,-29.8795828478149,-47.0858860601109,-70.8908398932689,-48.561046033624,-30.9450457613528,-64.2366459811752,-50.9768545807554,-40.2886173144725,-49.6401603032326,-38.1927896503302,-25.7562789362636,-53.6441991636829,-65.1132294361066,-35.0177272208872,-13.4874932995011,-17.67699141573,-38.3508706863764,-44.5433577638436,-6.68861209173663,-24.7575381170927,-7.71061919932509,-36.3952849623255,-21.6926169212191,-18.5230756023033,-20.7428723049426,-11.710159518578,-36.3908910810951,-63.0259665112617,-60.3088016289112
-15.3228644771784,NA,-18.6418474277163,-12.9485727148693,-23.9850569501232,-21.1872798330421,-14.2413950392148,-20.4546158342725,-26.6936963454698,-61.7532798252146,0.0665779634269977,-25.7359157854374,-28.2154444619882,-27.3761146785896,-40.4683048176152,-15.997863542443,-49.1223328354065,-42.2353999021664,-31.4703931231915,-14.7554200042729,-15.0771012723655,-42.2867909041847,-10.2270758649906,-13.2416317455266,-18.9373231467596,-47.6885091896873,-13.5405467864649,-8.69957595372609,-24.6404323087865,-12.2049668706358,-29.9556731997981,NA,-36.4306400922048
-40.4860821512513,-35.3226677023223,-5.15461965008581,-18.4961690277118,-19.736609715867,-46.4866803215836,-49.3245497943556,-16.877045811029,-51.4630504612969,-32.4391358985869,-28.0930517585237,-22.4494935567524,-50.5811206505848,-9.49323367620327,-29.6912899448631,-45.8484681411441,-66.9764688680488,-52.899667476935,-30.0449175854429,-13.2238288254012,NA,-46.1054709951936,-1.31513404349521,-16.0959257739492,-22.7644683979544,-32.9751396164671,-15.1133577915139,-18.3886416676596,-7.49572203510806,-6.2979891862948,-6.15912652194962,-7.05640342355574,-3.81592703093879
-28.9670120531724,NA,-30.5100503101493,-41.2636419846094,-15.4522316409229,-34.6405951583041,-63.990421408407,NA,-41.8190472231722,-54.8332406884858,-37.0535137323206,-35.7018663512992,-52.1294469641134,8.9515111290186,-41.5969014231185,-57.0170558063431,-77.3929380793566,-51.1573090990627,-28.8551710550003,-24.834455552445,-26.271492326541,-41.3896249355464,-10.0752664178736,-22.8344771753116,-13.5441850807501,-39.9346108365565,-28.7159968328337,-24.871206638292,-18.153720507137,-13.31666219188,-39.5735155856911,-40.2334832811861,-41.9505789297751
-22.0115167957754,-13.2695154645965,-16.4778532156124,-49.7363408522214,-37.8894937862551,-40.1014494378851,-49.2732227879006,-25.401736318115,-33.0094907874135,-56.2876334029419,-34.8855780749067,-35.4867869460818,-15.5450056685572,-29.5798217500543,-30.0055660628327,-56.2915194614799,-66.0797884309427,-51.2165897632728,-19.8582438333481,-18.398106190077,-34.4142669366387,-36.227108172421,-8.37703883058015,-22.6435164750833,-36.7239014568456,-32.2162940453932,-16.2759570041649,-28.5147691008305,-29.0765062693121,-14.3094574021065,-30.9233527471321,-21.8607076378742,-49.987108870722
-20.684837464893,3.35302472044163,-39.0169890270131,-26.0516432383156,-24.5773712495494,-20.9653937506133,-31.5316848975194,2.29930490931013,-35.0438551791713,-51.1284811211694,-3.04816480867472,-35.5136048698047,-16.7044733223623,-25.2428766152411,-50.6330146324398,-46.8928571221655,-29.4444923000371,-60.510140030866,-34.2005429921786,-17.179612272516,-21.9064043239692,-33.9334987188615,-13.2433478361367,9.14994815137512,-46.0219440472919,-10.8503208319956,-30.4920287590708,-14.6315717261519,-9.80297946468737,-18.8586438955139,-39.5987282053213,-5.80703714638067,-41.679952533956
-32.6715991617826,-59.69024854188,-27.237491666557,NA,-25.8043801641665,-25.1035178674385,-35.5783005642781,-25.6742217419072,-23.3012262114031,-63.866751138446,NA,-54.1677883210718,-42.1085778846917,-3.78062734862084,-37.709738201375,-37.0667039577985,-55.6347477607458,-59.5801655720606,-46.8989818972188,-22.5742635644646,-14.7151408006584,-30.4400716286178,-5.77259622529688,-26.6605378721818,-30.7706158935463,-53.6446245521642,-8.13555690142963,-24.111430281639,-16.7750864746344,-23.8237337221232,-31.9667666016369,-50.7642675457861,-28.1181248041479
-37.0620448852044,-25.0747695299453,-25.1981348067744,-42.5413622087096,-28.1488095743429,-26.415721165043,-33.7021646711206,-32.7345988220337,-30.8766479772723,-46.4214005592404,-42.7279469857016,-58.9074137308125,NA,-6.6580681963637,-33.6832421381652,-38.6940162284261,-36.6548340977226,-51.1342956123378,-43.9325775659693,-19.5702002839818,-0.843050936947216,-36.6168693455871,-13.8968071397213,-26.6633870531737,-45.5078513789921,-47.0018889856489,-19.1507543507756,-19.699522070254,-14.1560053420285,-28.1907272418364,-48.1197812206209,-54.1479318044084,-45.2434540747016
-27.2884883611038,-17.7273040975837,-20.3316303113771,-47.866292987551,-30.7320706059672,-30.6534486351337,-36.65080557753,NA,-49.5222568180388,-53.2436940329615,-31.1103145884144,-52.09978527418,-35.8025452310244,-27.1611730984988,-19.9943932530604,-5.96416015302227,-51.3600662310035,-65.9181755213176,-37.3851907870246,-35.3300326008745,-7.1256521321841,-38.2156458558775,-26.4597686558309,-30.1380040658696,-41.3792887615888,-48.3659615541941,-4.39347834857182,-31.1626245395607,-24.1193292653179,-17.0137222538782,-20.5969200126614,-48.8797877989176,-35.1504776764385
NA,NA,-33.0716374609997,-56.28547127969,-42.0067205048703,-19.9918630501291,-31.4065771731359,-33.9035256077625,-32.3124966812284,-66.0639109300936,NA,-31.1669136736726,-32.5022279715215,NA,-43.2643316582918,-38.1192738869043,NA,-30.9586317828735,-18.0327514209766,-23.1369743965667,-40.2165320242558,-36.6526444846363,-27.7222893817497,-25.5733806599551,-42.9136573886873,-22.9272476846446,-2.49330936963082,-22.5569975079741,-25.7463037296331,-21.2892711004264,-25.8152145039571,-7.96609334120417,-46.272939964426
-50.3526598109201,-41.2601197863926,-39.6796508494201,-40.5831218733363,-22.5371112541079,-41.6996554627597,-44.91486076015,NA,-43.2570744363568,-38.2271055001348,-34.4394839929958,-40.4539763926269,-42.0829791611906,-37.9064829704675,-28.6210129428401,-48.9117986892018,-49.4476615005856,-77.5342984648044,-33.7242642841814,-10.3829614514811,-5.27828884995094,-42.9551124577745,-33.8488884402196,-14.2960134106717,-17.8688688553812,-50.9714808469991,-22.7851812041079,-3.06839710477388,-19.5493185393198,-15.8732358564789,-34.5928784452409,-50.1644903711749,-51.6123836424702
-31.3186588951927,-39.6402504281113,-34.2820540377195,-39.9087352593699,-27.9086139377077,-47.3525632435162,-32.0453132561474,-33.6839571057802,-21.7261139613192,-67.863190652458,-38.504200682597,-50.0601992143659,-53.407408424342,-34.2769961814551,-39.0928388162356,-34.9088487341248,-68.2685144575646,-26.4614122878271,-47.6177893050421,-14.8876199782789,-31.9619754859414,-42.9417715776583,-34.8630070170699,-2.67592910984918,-26.8423587594319,-38.3826765681714,-25.0668781956427,-25.7147765836023,-10.2934692371158,-26.6060736724034,-44.6896442135062,-29.5042177743195,-65.9968789105945
-34.488488587687,-25.5423412328299,-30.4743358018056,-29.35404017983,-32.7895724282946,-40.5056206243557,-36.5092602228866,-19.5010288887625,-39.9346327084348,-43.5611586783703,-57.3614001256265,-44.647246697299,NA,-6.38604564553898,-38.4236395325521,-68.242834806978,-68.01286432889,-47.0965506303973,-34.494291750455,-30.8521598991922,-43.1895809696485,-39.6714478263574,-24.8100263348014,-29.6471367563414,-42.0909731170709,-38.2917396256686,-28.4644545733698,NA,-17.7134399410816,-29.563172028512,-30.4887816428124,-33.8517337438017,-48.372055733846
NA,-52.598070984839,-31.8347002221968,-71.7326498296421,-25.5990569024778,-22.8040223196131,-40.633677388447,4.0140631410382,-23.6445511767807,-48.642651657931,-3.10683091427904,-46.1366563596714,-47.7101146941353,NA,NA,8.15004311933227,NA,-39.47081061204,-27.9637872823103,-38.2910385014927,-23.32820073739,-14.3560969650539,-50.3965128366442,NA,-42.3659464449289,-56.8126870603392,NA,-25.3611165164495,-27.6377605451129,-14.6291869058366,-31.8852837879408,-51.4549911111277,-17.1954950505168
-33.5068994832777,-32.2652346657272,-37.5565862634691,-60.9471783141483,-28.8176070933255,-35.5689685892145,-33.6525645388714,-52.1781475307429,-42.5025891976608,-56.0504412956436,-37.8938131187523,-42.7124104666565,-42.9167415489696,-57.0461789072615,-36.1491688843421,-49.1723842390705,-59.6878880362469,-59.6655962529584,-46.511381349735,-17.3021622423869,-39.5723848313651,-47.2009085723452,-28.8640311579083,-37.2462200446355,-34.6016657536465,-29.0661977402144,-9.49747242549957,-11.8670902982044,NA,-38.2111917745159,-16.5019808841603,-51.1254495042034,-35.9380045776041
-28.7579180006849,-9.64156620949906,-44.0905040584184,-41.3533355057362,-22.2670314070978,-44.7658425996681,-37.8232180592994,-46.4635519672306,-29.0384800257467,-41.3241306533513,-41.6008436637928,-59.5206696973304,4.72528763950748,2.51044936481203,-46.8285294752547,-56.9247160254598,-54.9135366106251,-29.6463178828748,-4.89698169704828,-32.1248576006913,-28.6524422271184,-66.7097982199317,-23.937141915307,-42.563312185089,-18.7519757699581,-44.2686654415182,-6.72800658407598,-27.140772695289,-26.1039009138513,-33.25569602458,-41.0435208467064,-49.093786703076,-35.5436719623727
-30.851706367265,-33.6573409083623,-23.7260666182118,-23.8654098099814,-21.9630456329455,-37.678184766809,-31.495939069434,-50.4626786742838,-38.7410608220304,-47.3007905972318,-29.9860875076209,-23.5413359518222,-48.5597984980034,-27.4618950653418,-35.2959641432548,-42.9118569860257,-81.4345545747185,-52.5596424230105,-14.0596890197667,-16.2598369099263,-14.2022786407395,-43.404905702668,-37.4232934896392,-32.7464902947685,-29.8034619934626,-64.0936973421717,-32.8426365743269,-51.3614350536593,-22.2189177815487,-19.8671859698615,-43.3105622765661,-48.9804755715865,-15.8356268013367
-34.9704958299339,-57.9536729585308,-27.1280862777917,-41.5379061254295,-30.8590838648911,-42.4584216782651,-33.2031825176432,-47.7086439654073,-32.9477856190302,-68.3019934923497,-40.6623827567275,NA,-46.8087876103496,-27.448148802024,-43.5778593252164,-4.20175275633083,NA,-38.0917934551753,-38.4026841641773,-33.5375015075157,-18.1640660302071,-15.0293834722433,-17.6586258519273,-24.1117668792242,-35.7823729358285,-41.320458325674,NA,-31.0591729836449,-34.0859419767309,-23.1695699623704,-35.8232683415654,-10.9869762484094,-36.2005831376715
-29.0062776137155,-38.2099166759161,-27.7724972352411,-51.4029756514136,-34.2093622830575,-46.4269554187175,-36.1391013973359,NA,-48.499696538085,-43.1059339884866,-42.4698826689466,-74.0448329085033,-52.5700570643178,-45.6650125582563,-31.9223921339968,-54.5593615349418,-61.0550189498868,-44.4977868250579,-33.3651896713893,-23.5089169953632,-50.0903392922932,-67.8183002513361,-27.7710448054656,-33.7984992280337,-39.4297553123317,-41.1330283774335,-31.1938216416816,-21.9149231359738,-8.79463988570396,-23.0130785878589,-34.5323743814189,-44.166869834364,-41.3463846940069
-37.8407050107862,-23.3392227983819,-30.3994338319658,-49.8187529375357,-35.216238389662,-28.1561981713848,-28.6520313722334,-38.1366779704827,-30.0173448752904,-59.0808760089127,-24.8956314439239,-52.2252423730994,-54.4431781048542,-18.668978249436,-38.2028003818411,-64.1151518257354,-38.6645499041382,-47.4237054630105,-34.8034811607394,-22.9911826161462,-41.7484752661076,-52.293901420217,-31.788039651257,-28.7990538288765,-6.37093745277464,-44.3432483596046,-44.652230101793,-23.587044822878,-21.7476518325281,-47.6274552449231,-24.1351904357205,-44.1089921269291,-37.3345201056119
-25.9830965152656,-36.9265448262743,-33.9841343340295,-33.7680964688807,-22.0046384475576,-37.932883261221,-25.6100959391993,-35.1599410715808,-52.4802413946699,-59.447288673684,-31.7771507166317,-37.3976998290284,-23.001893919039,-8.96093906586766,-40.6457748493275,-41.6197948051325,-59.8091878768955,-52.9304922815274,-31.0960576994651,-19.7393249343015,-67.8640325220583,-55.5297942707944,-25.6346872456357,-44.049399086187,-29.9071725869786,-48.8874699140426,-38.2507670038996,-53.1608316731159,-24.7857934960741,-22.1510061738458,-24.7674047125326,-47.3223882811417,-35.3462628931449
-34.1116726623428,-1.96873058464695,-41.3314206377973,-26.9125058708051,-30.9922834466445,-31.0965190607076,-30.3323149316795,-12.3796181452949,-50.5253320608216,-50.5595642897314,-10.2566935340752,-47.7457623131368,-34.5934056393091,-15.2256480175298,-42.9225673528483,-42.7272570995765,-66.8495261692058,-27.973915754508,-36.9971160651881,-19.6634263205785,-17.9449732879521,-46.91991907003,-38.1155786721481,-28.9357139610286,-19.5480188540655,-41.7886536960678,-12.6515470476867,-29.9834231365887,-28.7861371390517,-20.4967678773735,-25.035677566551,-46.6874209799081,-28.960173780388
-37.6103361203256,-44.636082045327,-28.5806776267656,-51.3775302068009,-27.5472948978924,-28.7432424565177,-36.106290669202,-61.563811844921,-53.5356628579889,-49.6772546000962,-39.9984907576161,-61.5008445794217,-36.9763731762856,-28.190914980776,-45.1366236601085,-35.3708675116459,-54.4683648984006,-43.4671603099144,-4.48281678970477,-16.2540175511572,-52.8754996401273,-38.0385235820967,-22.4997238990119,-29.4491810012487,-26.0497884323663,-26.874806095725,-27.2630037582277,-14.4282027837632,-25.5930023878623,-22.8545027942368,-26.0701484217572,-5.68158163566521,-33.6009214617219
-29.9008187385416,-39.527774019022,-39.1232524134238,-54.2130737245115,-37.4190401377561,-48.1449885451762,-30.7559362031496,-57.0020869255609,-55.3977051330289,-73.5525890484334,-46.7315779452119,-61.1487695512265,-48.8481873014898,-43.9678268303879,-30.0089614569741,-40.3917698421667,-72.7043065537648,-42.7482268442919,-51.9311197772343,-38.0530769943398,-22.2072302049491,-27.6127702812277,-39.7537055850509,-24.341061805412,-42.2046959794887,-47.1434949997791,-34.804403772421,-34.3910962397173,-40.8501787789363,-57.1596583147535,-38.8635875193324,NA,NA
-18.2384825625546,-35.0350902282278,-35.1082295252405,-65.3131852839797,-29.9373016425536,-22.2947222149753,-37.1967477668112,-38.2780400087116,-46.9971180705431,-42.1352131104298,-34.1258098663525,-58.2997281686678,-41.0136494188822,-14.8709132608317,-34.3992163631977,-71.2634311206319,-53.191281502068,-56.527452756395,-12.0807389456907,-33.5215504108791,-34.0249266657869,-42.3303099743192,-39.2584725395015,-28.4323762037759,-50.7582933243622,-29.4104174094945,-24.7167447916732,-37.3538407256238,-26.0451492408358,-33.6326852401919,-35.2651462315057,-56.8127813141326,-46.6663122840242
-26.5454651731551,-31.3865386530216,-24.3866912992739,-19.6576640921385,-33.439564777544,-29.6380617506809,-34.7711677844816,-54.265798826684,-34.3327692172103,-46.781325968505,2.07808467225061,-30.8208806335716,-27.2896887046848,NA,-25.7267083427786,-60.7185409413531,-67.381271648633,-44.4301463028988,-28.6800585350642,-30.5775998686708,-15.49520427335,-40.0284688958898,-31.1498620009769,-25.4962562224726,-28.8061327112649,-8.86961385705108,-1.3778876702777,-33.1832783437589,-2.09700596257127,-27.3326409975516,-37.3812712499938,-14.4749394104802,-33.2099478818024
-24.5020905928698,-44.2304339178208,-26.6349103004639,-51.6952897405249,-24.4691574363908,-42.3994020965967,-46.3572033665504,NA,-51.6000289609111,-46.3492362176417,-35.3688292066531,-60.0427200392505,-55.7857971328812,-39.4251242490562,-54.7006774611891,-49.7050174692401,-49.2478453388249,-57.4088327914496,-37.5516073695262,-26.1627571760405,NA,-49.9120975975799,-37.8080224224119,-12.4195365463183,-32.1176461884638,-21.5089529443417,-13.202532202009,-21.2336301332213,-33.2433633932489,-46.5517023345556,-37.6795069843463,-35.615077825103,-70.539480317333
-25.7828550371457,-32.9706886055584,-29.4229253052074,-52.6999471201039,-30.7597659051896,-27.6938537021779,-38.5949078444454,-42.4734482309308,-37.4498071374631,-43.2695532647793,-33.6352589016443,-35.7206462887789,-30.805269307048,-14.8277254725693,-32.0447096553584,-10.5727130242477,-38.4027608354746,-48.9322718615958,-32.002554341884,-25.3145277168541,-34.3116341439059,-30.2524933893837,-38.0691928707856,-30.3694698353868,-52.1812470521937,-35.6899816706398,-7.55386382122417,-11.2473037607989,-23.6514339288981,-32.915419671092,-34.0039248060212,-62.7107711606325,-40.58936354836
-15.8645262040364,-46.3204493748573,-27.2565479092812,-73.9461367243966,-30.5719971264127,-46.7982430421444,-34.4906983272526,-44.4782998118553,-48.6915250385277,-54.925354511605,-52.837526305748,-47.9350346522928,-43.9731318107467,-23.9419354176212,-37.068439165507,-45.0509192553114,-54.2578593143874,-41.7682447016432,-32.1509678013568,-40.3515155234479,-16.5822028790256,-46.5365555862967,-42.6635592753224,-30.2302536980816,-34.871398536624,-47.32292870152,-55.7811271338464,-29.8416815936822,-31.5263435734763,-46.1390591582202,-29.5228648906058,-61.8189591169398,-34.9089962696448
-22.3890123849715,-41.9878609587352,-18.0456592124621,-21.8992628190017,-39.9112399260654,-21.3366584587728,-26.3691834746474,-69.8820152920709,-41.6710482797116,-65.2922474562497,-32.6595501125962,-45.7016261703549,-23.5031481061945,-15.3732592130634,-37.4380054315917,-32.9958992138245,NA,-44.3306100749724,-32.2026498376148,-24.1960108392942,-19.1319619577874,-34.8616144590147,-41.8091563759555,-30.6894649489633,-25.1320515662635,-35.1886868795285,-19.2454585706382,-2.73561178577163,-25.8306690889185,-19.687412725727,-44.8357723216747,-2.7894383550679,-30.0678449761709
-27.6603657447574,-30.7139304113409,-38.6050138086719,-42.7211645195932,-35.340248595707,-39.2788952635906,-34.5675734412015,-63.3521256728115,-27.6123190625646,-65.438928745233,-34.6746648720226,-54.2656881423195,-54.5620726500749,-24.0637998402528,-34.7968133370276,-48.9634072238674,-52.6577513662961,-64.5659507370314,-9.16156525375321,-16.5641073766533,-31.2692515760582,-51.0626942451926,-26.7314294627054,-19.985033784431,-42.5210561638336,-44.2299915955028,-22.229401071254,-17.8556454093632,-32.1851827292969,-44.4728903152468,-44.6756938005252,-37.452917757172,-27.1619282328658
-37.5345284866505,-32.3491173228663,-41.2010399957098,-54.1344700979511,-34.7052662901609,-29.0455271794028,-22.2145539108036,-27.248281043076,-41.9875134571421,-54.6685515095269,-25.8642279183685,-43.7824859372563,-39.6058210069142,-38.1215371895322,-34.661489532428,-51.5211094965245,-57.5282049321073,-55.214295936792,-34.3009580881631,NA,-39.6972884041606,-58.376848274924,-25.7381488628175,-23.8911268210732,-53.241823485247,-42.0136563695571,-27.4955952345283,-25.9579962708817,-18.567667146936,-25.2520432561232,-33.7505684247844,-50.5027665795665,-61.0621877125816
-29.2039304637555,-51.6837736051696,-30.7418683130044,-48.8560601824604,-34.0339668997454,-48.2365219558499,-9.62809894680827,-39.9625987169838,-34.7512599055353,-56.5817274434172,-20.6680459504906,-57.3217896624195,-45.9828643888909,-23.4307870371102,-25.2045098539352,-42.3694444882645,-75.3527465148602,-31.4885950040793,-45.6545169940917,-41.9461124058183,-13.1563270437771,-45.516521363734,-29.1568741299385,-23.4601345299423,-28.7790838676694,-37.4224388878435,-44.2102264497688,-19.3137349147734,-16.9930277372712,-38.6900297919479,-46.9425998251685,-64.2750256258251,-51.1191939205668
-26.2000765077763,-58.5014410186918,-45.5676823764275,-29.1398922361245,-31.9943770086351,-45.7061049844924,-26.0986169998041,-24.3857456501206,-33.9847429532857,-36.2410506143673,-51.9256320393513,-33.4633802774343,-45.0614688095956,-12.0537246062534,-29.0622485262013,-42.6297820841547,-44.2127691552094,-30.9153130697336,-27.3944640803322,-63.6999825167512,-26.4614314303492,-69.1914859415192,-35.7333076261598,-28.2739738932157,-57.7643204581419,-46.2670582506975,-18.4735526405946,-21.7138473213623,-22.7124809198929,-30.6952059153791,-30.7101775331362,-53.2416899336483,-41.3043220169858
-27.0703026668371,-43.3692158949028,-29.4438630760564,-37.191267481621,-29.2637832747481,-24.3744709308383,-30.7753423167016,-72.528600067524,-41.9058922156474,-60.594129336933,-53.5525341606607,-56.3405217656918,-62.178650495737,-19.4255401178046,-38.0211177928628,-43.0107950282765,-52.8447899892993,-61.1951180464469,-42.5562331779402,-1.6399358380561,-20.9461776532523,-47.70545387711,-40.6308145428705,-23.9635795083642,-31.4598437823134,-29.933913642046,-30.0468398497753,-12.3349611324401,-24.4021067571875,-31.1032256061695,-35.7899679240037,-40.0960659037653,-40.5383698840811
-33.005208349938,-34.5814239012723,-31.5915199938373,-64.6786050735284,-30.3771006575012,-50.0778021827187,-25.9309397099341,-62.3568146584886,-48.7345072855001,-58.8850287029323,-32.1065849462554,NA,-33.3720433884875,-37.9925195130487,-39.7501315736396,-40.1582856849318,-57.0801794945566,-41.3222801735468,-39.7040781583478,-19.2804457616547,-24.707539223466,-53.5752066567482,-28.8994595207415,-18.3826041639655,-17.3749122533613,-33.6280400359942,-35.9761029701794,-26.2230662190665,-35.1000544317761,-47.6210634857033,-37.5085179504625,-47.1542485467217,-19.9218316454962
-37.9928341878118,-39.8620931905897,-23.9567325300875,-34.6892531883939,-20.2552673934714,-37.2463908659236,-30.3983099411367,-57.5216117498966,-22.2675217622345,-68.9394923713126,-45.34157889849,-33.3636041369252,-53.4404652569014,-52.4467718965149,-34.16856047117,-52.3757879525606,-37.0677948586332,-33.7206593599487,-65.4275800244017,-46.5641073766533,-18.9720384653002,-48.0976185622487,-32.6533188970066,-33.4264848862837,-43.4699684142334,-47.3330292049606,-43.3706607818243,-37.9686777359064,-20.8769764937493,-32.9501957366047,-29.1948957503888,-42.5099106771266,-73.1591200416302
-24.2029340441126,-10.2580013335139,-24.3175798027594,-62.029539521765,-32.8984683536892,-50.6329397774908,-27.1033504424892,-46.9236512109333,-25.0984702581508,-50.7064469855917,-34.6751290353969,-29.7482344432185,-41.2727369961077,-37.1652910271651,-23.0062951827389,-43.6380918290743,-40.0584665868175,-50.5178736805936,-45.1582634986112,-36.9309256181533,-38.1015427748204,-33.3180226201357,-29.3630170231897,-22.7257750657355,-30.974232052197,-44.3826284424077,-46.2011177058571,-27.9380400922591,-30.31421971765,-27.4732664640629,-41.5873538029209,-37.2547134142021,-52.1772921968324
-24.2993020228209,-46.6832128756519,-32.0772638599038,-35.7941467272148,-28.3811440967012,-44.3339451859669,-40.4036225335795,-54.206243512983,-53.0513427293369,-64.237136420927,-44.0418092606559,-66.4897388447601,-23.5096405483624,-52.6057047136342,-27.8489848730514,-41.3935076820963,-2.50041244871204,-41.0801916953434,-59.5366085575248,-20.8458508791288,-38.1839962354887,-50.2864990190146,-33.4512840264009,-19.9492485151007,-18.6499081620762,-35.2880693880114,-29.2334936389814,-48.0818488793411,-42.6810108551632,-21.2739012796451,-30.7720180560708,-17.6686392432986,-21.2056750544828
-31.5366523140611,-30.969714463273,-11.7245117599423,-40.2664852743761,-24.065101018458,-25.7493615863394,-33.1172042600297,-43.2338276009349,-40.7043409919057,-38.2380344642288,-43.1415866941054,-69.2999592840393,-38.9150957772511,-12.8867251086784,-24.1883200605239,-55.841985688809,-55.1933340276496,-52.1400287375428,-33.536791905845,-13.5627810791284,-19.272703441061,-40.3637046384232,-38.9447707370221,-10.8287337698383,-19.4453909189089,-36.6746196914501,-32.2147120979525,-47.1832920394389,-22.1087648390005,-59.3440368700533,-35.2641637226046,-20.2544842591863,-46.0285289662995
-40.1310450520998,-32.7974133130649,-11.9717952138022,-58.553189553759,-43.7781209041024,-39.0458049129486,-25.084082510059,NA,-41.579216924722,-60.3424596135726,-48.3519506561081,-40.5862561187007,-45.9040764483958,-28.9755745409267,-39.6789103726918,-45.6117479203488,-64.4104076226042,-50.7683955599115,-23.5776790788485,-22.0387179919967,-51.371775124647,-41.4262418898471,-32.5257247398872,-38.3371856977404,-35.5994530460678,-50.3509991085149,-23.3273309930424,-45.1394960135839,-21.1126318059795,-27.221724204599,-32.0870246214332,NA,-54.3536543678464
-18.7854963032624,-24.7629870182522,-12.3044517003731,-41.423270813429,-32.5867223304151,-40.4098795527407,-40.5194464933621,-39.2820676845135,-47.0144956552429,-37.1387103796009,-39.7854486553255,-51.9129281859228,-35.3908790910321,-16.9495643211941,-28.5901111309792,-14.392740372305,-53.009110810634,-40.5208872227155,-44.9137139796679,-33.5054825293913,-33.2254704105466,-34.5791977516725,-29.6276853963352,-33.0531725973472,-22.9888493420046,-47.5481873973588,-36.0076925075833,-23.7019214939478,-18.0005414343299,-46.2427319995744,-39.8397355997264,-68.3713546205,-24.9172670641077
-37.960712664691,-36.7903309350278,-13.5115204140723,-78.1049055887462,-33.1445416452628,-32.5286505339312,-32.4520386941667,-53.3384309258257,-42.4356407806134,-70.9866117435053,-28.9375278050334,-47.376163673131,-31.9113120112767,-12.7610356329866,-42.8902967672818,-40.9010076725271,-70.5714041776767,-43.6532079889245,-31.4749265154507,-24.0354251121973,-14.0148590466488,-34.3063838034773,-29.8859224752469,-28.2340749036472,-23.4220478255501,-43.1878141513585,-35.2476450002943,-26.9076761884773,-30.5692805275926,-50.3157179416805,-24.7769709161584,-18.787022681085,-43.6133771766673
-41.0873600470861,-33.5497892487711,-31.8202392493517,-31.448013090634,-32.921420491171,-36.6422238034288,-44.049887833415,-58.757596978265,-48.7357385081288,-83.1307057605454,-48.0358846875722,-59.5844945887461,-37.9940775864599,-43.3922293448553,-30.2828958431792,-50.7997695244509,-76.9176632947874,-43.4934829881405,-42.0789290827329,-38.8811484743817,-67.5623409478216,-48.2852703424408,-33.3217450754639,-38.6003455876768,-49.1467261015402,-22.4960785437234,-42.9163414556369,-51.4852067240633,-38.0043777375708,-45.3669363632017,-38.2481878925412,-64.7229150539475,-41.4045881989487
-26.3417273848154,-33.7105296923711,-23.5760441333208,-56.0557248325416,-37.7720459203772,-18.9793211940936,-33.869987394334,-50.0451877763388,-38.6081834958453,-54.8180816821774,-29.4603844680087,-41.0071700393393,-31.2692857414073,-39.2339794094069,-36.0174812416494,-37.2180819609867,-72.120104434704,-33.5458086052895,-12.3757979782568,-42.796641243526,-33.964526119472,-33.9778893980466,-28.7030785674498,-18.7877705947795,-31.3618895997909,-70.202376333684,-7.02799050741631,-74.8964564363438,-37.8514934690471,-29.9979669929476,-40.2899141342358,-46.0068288609816,-35.5601781818895
