p1,p2,p3,p4,p5,p6,p7,p8,p9,p10,p11,p12,p13,p14,p15,p16,p17,p18,p19,p20,p21,p22,p23,p24,p25,p26,p27,p28,p29
-10.0079701925867,4.53862319201677,-2.38957786785277,2.07575167134456,-0.339205858790813,4.01492864248293,3.05372876209733,-6.18313004828815,4.01004459775935,3.09603652947859,-6.04964798369315,-1.3853295578487,-3.78329194840102,-6.26995757611974,-7.16523355588417,-9.5039377770661,-10.5704623294736,-5.85118354448089,-4.95294814850561,-8.88190459126875,3.17356224011915,18.0662662129349,-10.9625943006945,-8.74367858901634,-2.73238345489951,-1.55880537866973,6.66291404964241,-7.99997944971674,-4.93835376806974
2.83374648972811,5.81856290149568,-18.1405871376491,-4.38521246345282,0.848096314392757,8.17372315851906,-4.24978541406926,-3.35574249976728,-10.5522720535417,-0.986361044003154,4.40500113268369,3.16809399426193,14.7152809179477,8.17105174910558,4.99447733656227,1.73412699129019,-2.67275768424334,-2.36876960882606,2.80515910343525,-1.91108320173775,-2.85420744795004,-8.07486342992319,2.98950965339139,-4.06261189605981,-7.68140586451051,-31.3579153289916,22.6922315702622,-4.80473749373691,3.78764478045138
-8.42942835944409,3.47829134894713,2.953654270633,1.86812718988544,-0.981420268695109,-2.71429075607794,-6.61327068648597,7.29558800636501,-0.187086384938474,3.60475845871158,7.02242212051037,10.1565634769522,7.52275145958195,5.41163022914579,6.99270018362501,-11.9927748788818,0.928747860233702,-9.97960730471537,1.13842683531376,1.39117450841067,-1.0211982276307,-17.7758514935053,-11.4429767259838,1.54356194837754,2.91953977775146,31.696815689623,NA,-1.33463114927341,8.33224340655738
-6.30301460635964,-3.09326302315702,5.9264258943223,-5.8711930870024,5.88406321248615,0.83588715430146,4.83564485934281,-3.98879342923472,4.30465944121334,-6.79818645404382,-11.1801733479873,5.02174889699415,-6.69083653941694,-5.80485555005748,-3.78097470348217,-2.48313066333387,8.45312474530019,3.41449192893705,-4.18423516328214,-5.69961560982644,-6.30139923083824,11.2670338801292,5.21624681436111,3.46833022938781,5.08573047984523,-8.29799829084846,-11.1898831623476,8.01609969377629,-3.38468591769391
-1.14648574897722,-5.77854828514561,4.6145351650264,-2.0813893279455,4.59752320754959,3.05585940183243,1.63871939730525,2.51244445690834,1.02915189423644,4.67923269649669,1.38871628938049,8.57091693151604,14.5092269070048,-5.81551128408115,5.03716107720408,9.33726213154333,1.47121180438912,7.50623712017841,-8.80198214844986,-6.03519309385304,-7.62724850480527,8.68487055362725,5.25767286068132,-4.96353888735939,-0.248798211760892,-23.2959185952457,4.65629243068576,-7.22126324022828,-3.857000018508
-0.835568345377907,13.1566287174711,-0.770961428177317,-9.92840197523054,-3.16182805971369,3.26274964033337,3.88230910425014,20.8551360081879,2.53841308091767,2.92545801681974,0.582023558434,-3.84043713760016,-14.4732792907552,4.63879081710425,-5.88243645274857,11.8329027993919,11.1744897657681,-1.00274752477021,9.86979817719287,-3.82645121248166,-0.807439266497314,5.55531715513418,-0.487818703952177,3.35702234731517,6.00524185151463,19.8308561939252,-4.98071801824275,9.27480615934752,-9.9717797329358
-5.71601611430306,-1.35716486461981,-15.2154501103755,7.25395417503113,9.20820012347327,1.57446608702972,1.72793420714065,-2.54386936153681,1.45098717840944,-4.8042453897677,-3.53386196983568,1.24968232653957,0.6140531277817,-4.72771097706567,3.0913738834372,-4.91809800797825,-5.22000539306223,10.6284702590712,-5.69827932206456,NA,1.51313014996195,-0.609678850974142,-2.51759998438004,1.16282266413862,-3.76493421762589,-3.67799432566852,-6.63378533277793,6.2148582856863,-4.70509631364152
-3.81460055800353,-16.3040821894518,11.8958285323825,17.3736651178408,-0.206133496980703,-12.2416768361208,5.36723272539457,-1.2674944971312,3.12199625860612,-3.96180374761742,11.473953665091,0.158669359564474,-7.32540255414516,-1.17705281735257,-10.7713063946115,6.31468232214058,-3.68855795954434,-4.77796854677926,4.05279136698893,2.83968907637422,-3.4030412253107,-16.0308583769011,-17.8578349219255,2.34532235135315,2.63044845906442,4.94163836503165,12.1956760566329,-7.21115422380959,-4.24284462577885
-5.23765551771659,-0.701278956943371,30.6530241207348,-8.53438641039782,-0.670007867242923,10.2351456450739,-3.80573301951652,-4.82257212243625,0.704477240746406,1.47294259406296,-4.14340249271981,3.37391539858582,-13.5651104257571,9.02754735348028,8.19792633202749,-8.44204651270967,-8.30121120343636,2.15354217354669,6.73821078295562,-8.46292293726849,-1.3411898490281,4.71595702862956,4.76627873528664,5.34523550489767,-11.5777778343988,-5.18771619814532,-9.78485423707457,6.27118526991793,-9.26820774123514
21.9792750531355,5.73723419908441,2.31434017302397,2.86456318403186,-3.36698391461276,-0.24870365418152,3.90015559186866,-1.16451656208298,-8.44434170028272,-5.35770962644248,-4.09924597982327,-11.1714772977438,7.22001612546265,9.83178422784768,-9.56425673662536,1.36719740001526,1.6364677498613,5.25807299674592,-4.89036801752367,-2.70092606415893,-17.6952429795305,-9.86574113179366,-0.0436793657543942,-5.79149044622556,4.2854021352033,-20.2297346370061,7.41254412769949,4.79218415011065,-1.63712773636502
12.1629144728044,-5.42751398883588,8.0274353932324,12.9297405624296,-1.29706857331754,5.04650980597526,2.54134894633269,-12.492810913013,-1.80894621655179,1.62360886022622,-6.32137712612013,-4.23986692641909,-4.19353293674017,-6.12214171761099,-14.9634845062084,0.769496710996807,18.272302093724,-2.65603722231991,-2.53008186315638,9.88244996845065,3.2711914796603,8.24159932568045,-3.87265323143288,-2.4692937950808,5.07394040565693,NA,1.32677349112706,-8.39046627511535,14.7277371136128
-0.494008470078818,-1.1370728610423,9.4275121305641,-4.52287557575909,-3.99045062093876,-8.59557067024271,-7.11372505519766,6.33313231573671,-15.5362050408826,13.2407065144904,1.54394406321721,-5.3290820273209,2.07359388165581,1.20412057981993,13.7262447768065,6.78955026781973,-6.07911597278368,0.230665491928257,-0.0642058033601778,4.70275226870655,-4.96366006999876,-5.39938074656601,7.32031402088005,0.0879481552207035,-2.81326326167089,7.14602888576623,-4.75719651006844,-2.08659332137931,1.60990352543901
12.3909974957956,-12.6250527767114,-17.273018763437,-13.062146373687,-8.14082412056465,-4.43980491566016,-6.1289626742015,4.08135984833487,5.56493905945374,-7.77503184644128,0.973645548720657,-8.80477506493663,-5.66735203776117,-2.46213701600229,-3.43721704427935,-5.77916274069905,-3.32220167467286,-5.64134421032201,0.679683921711226,-5.77583936740758,6.38262344430436,4.64096187027179,8.67598201708054,9.54933366418165,5.39410298074593,-6.79647035834878,-3.53610423121217,0.273641793205035,-1.84505467275537
-6.67350861051882,1.35019462552905,1.99351547191887,6.00705917958781,-3.19722327327689,8.16102693675836,-3.91631045652297,7.50949843144871,10.6480599374955,-1.34546787541618,-5.4661844958542,0.720827146562864,10.3419566752958,9.32086194931838,-5.17755122673496,4.18111031987809,-3.66042153255631,-0.51155779929865,11.8733707669556,12.4567806357507,-1.7584438907303,-10.016820082086,2.13904556044513,0.915908235936912,-2.03205427793336,-5.99561908449691,-3.17661666987665,3.82577047022819,9.48795767700318
-3.30312750845762,-5.02098537892035,-0.273793238177458,-2.98547424089858,10.9897932223572,-5.2114780542647,3.44038638536958,3.70951259528096,-2.18242617453287,-3.59070949656085,4.08634077241702,4.56619811568523,-15.2439331487925,-1.65215099538962,2.91374026047371,4.55832894396438,2.13360337445067,5.11626245677172,-5.48728367911442,-6.08965638431347,15.1395423844475,6.19250511925265,-1.80589912089179,1.84699379773421,8.39320642384943,0.324315944839486,-1.83720310313627,-9.37050608990164,7.29662427259468
0.842363869308953,-1.98062083942357,7.7784920100085,5.11171087589494,-11.6633111634502,4.86335850017482,11.7257205376816,-5.35118000198435,6.74196428285964,8.59937674120276,9.79334950289958,-2.436052645623,3.07283961251795,-7.80432894727237,8.61994607461179,-26.3984407333143,-3.59776104464597,-5.90228969793276,9.90851019014437,5.04761272164835,8.12712923693411,-0.844294604678842,0.771976287738027,1.37342850567652,-3.17048054357582,NA,-0.651372332682226,9.43985107650402,-2.3758568451018
7.00581225677462,3.8658695858448,-22.2958342068466,-7.58220710182481,2.40006388719921,-4.41340291193829,-6.15857934389307,-3.7912343519,9.09293708333384,2.61235223446015,11.0471875146477,-2.09141191802029,0.62357735532717,-6.73821402531511,14.6057519030079,-0.544294469597013,-0.402015691185269,1.2752769936594,-10.7657944706227,3.01679924501125,-2.40069632202956,3.91015734753323,0.643234933606047,-4.61046384809428,0.747036989413728,11.2490967281489,NA,-0.313137976105328,0.035676648894337
-9.07234031288138,17.9143555356974,-4.57425286196428,-8.07225949003782,-2.6526791937856,-7.57633431947335,-1.93004421752373,-12.1334696737333,-5.81906046585886,-7.58682321432303,0.0981662151670145,5.76804023572976,13.3368820714482,-3.37223089492538,1.90523927720774,26.6263046861317,0.647673842489721,-4.25441846451186,6.94393305112647,-2.55149122134088,8.87725114736643,0.567391901536547,1.61754770744966,-0.373003737505726,7.60683727435283,21.5287817178566,0.932823463600684,0.798595808724366,-2.10831953682768
-1.17238353005434,-4.66144139051751,4.6822189906413,1.97186551582067,4.10214364233197,2.62391719202843,3.23809950556558,2.02593730097588,-8.44451997769323,1.72954577092981,-1.46060596004764,-1.80054852050538,12.1343017745668,0.496338750217688,-4.14360185832889,2.60045098179779,10.6548469445417,-0.92958645531511,-12.0452997754526,-11.1027692475798,-3.52104991762057,-4.97568206903231,-0.170368072682883,0.198754112570824,-13.9450442610413,19.1371333812211,-6.45379550290776,-7.14449873083156,0.897258280921737
4.99099823721242,2.22726444868215,-9.33350653800817,9.56910857436953,1.63725280157954,-6.40631004655026,-5.43486915493823,2.7722044978697,3.76722795925071,-1.37767972226297,-10.1602510270874,-1.65567478637415,-15.2217410268216,3.84416614515283,-5.19849862606033,-6.04952777138973,-7.85795769515458,8.29249095843343,5.41059419570818,23.7005945068843,7.21038684917632,1.75111039073061,9.7636158367781,-0.180580317448916,-0.175344849980872,-9.45649470899122,-2.87772608932414,6.96997524259787,2.1592812034384
-5.54017750114778,NA,-7.09670060334282,-5.34261043512929,5.28877736844176,-6.95786444562554,1.71450439399268,6.14148288530181,-8.03279191050314,2.33671359770121,-0.143878238368473,-1.51918628334465,6.84160639157895,-3.51278727898454,12.0791454519255,-2.01914948326555,3.1947710948786,15.0022347280147,6.95886941341218,-5.00341401245583,-2.86327167655175,7.49814762465105,-8.09413103164157,5.4541246758161,3.55440131552375,-1.78655936118622,-32.8708381439407,-5.81724574212681,-36.58441905327
-1.62622058887479,NA,2.4829261436467,1.23841629511689,3.59767950993882,3.54598621365879,NA,4.10034188359153,NA,4.97883616631966,-2.77119869162841,3.13290511596742,2.30825985094108,0.129155755295577,NA,3.56852756261981,-4.20476693904329,-10.0709885181329,-4.96789674540545,-3.63768573833204,0.0757060688489657,4.57264691600697,-13.2795978557603,-2.87486120093817,-4.37024480215933,-0.0294298896687142,-28.8192470058229,-46.5908027268438,-51.6988956723058
-4.20783401836738,NA,-2.62192825420522,0.5041411015753,4.98763132030974,3.90482770767326,-6.9678093340382,8.69245752926581,-52.1220934192201,14.6459161794358,NA,1.5551728758495,-9.47176687497759,0.654079920474627,-5.80717752307638,NA,-7.04808821222781,-7.05800914337115,-4.40449660350411,-4.68059017023205,-2.10557429600054,1.33776186818275,-2.87720197246018,-10.4805187470524,4.93970708624303,-34.1925601734601,-29.3594342025878,-23.3010283691222,-76.4566690231575
NA,-13.7553494731291,-1.77518060729584,NA,-33.8965888001727,NA,-44.877334268875,NA,8.75902013890574,6.61897570269813,-38.2341212469161,NA,4.32892043831415,-40.937925261843,-14.7139194934471,-40.5140785206945,-2.03894195117065,0.496258491591771,-8.29247024530179,-8.69294242394057,8.02512219259935,5.03395285485954,NA,-16.8202975326607,NA,NA,-34.9238804530973,-27.9531474080091,-37.2432980664057
-69.2107234962278,NA,NA,-13.3341508400076,-34.5771496171272,5.10739141491626,-36.3063636243598,NA,0.131541565760076,NA,-51.8190880225155,-6.84375563476603,4.56876358436475,NA,-54.1909274661408,-48.9508182992955,-6.79732382202425,-10.1956268455659,11.7668480023347,-18.9192253508463,6.3249726269875,NA,0.51943304639296,-8.33721414635394,-70.3276899095794,-46.5537594406812,-23.2138590542362,-54.5711998385666,NA
-70.8213414715291,3.94200347999416,NA,-27.6384166038126,-46.9050602930357,-41.8828952816869,-48.181933284584,NA,2.20479478412189,-43.5786635244327,-60.9273738845596,NA,4.92938524742535,NA,-34.1315603420485,-42.1268683742734,-9.56883578696404,2.07731806389962,-2.38380544945161,-31.4824780601136,-25.1041791864311,-16.085686431184,-2.67449292516166,-42.1948634347879,-1.44402977657104,-61.4847833000327,-46.5539369754707,-37.1444987308315,-59.6598519663523
-55.5925373156806,NA,-13.6830816393106,-3.96023689628663,-35.9744570919642,-25.4551428986506,-15.6983032400559,NA,-51.4628464453504,NA,-46.5161113394472,5.69887670991329,-1.62822061243349,-72.6843795168019,-45.4319142464656,NA,-5.40671515720191,-49.0717848239908,2.30109540757427,-8.34255536506911,-43.0906906495746,NA,-14.7422963598881,-47.1520177699216,4.41991264385156,-38.0830479740866,-44.6262152336203,-37.9127516920038,-34.9228305964559
-17.3246820905476,NA,1.95152450766035,-70.8285581905707,-41.5801035123826,5.16641238148608,NA,NA,3.53767468173173,-64.1135153580449,-42.4972797644301,NA,-14.962015829927,-22.6910730919743,-48.1372917781316,-51.6746325473586,6.5517592287894,-69.9324066224634,-1.72613305506898,-12.9999690142907,-43.2056540430044,-16.7606218263392,NA,-36.8830099996784,-3.67656730507108,-29.8100156498585,-58.3760478363429,-48.8246018943541,-31.7039527687093
-49.7172329655134,NA,4.5639222105197,-59.1905389381192,-33.6326557566423,-29.7521820214744,-9.25629616074278,NA,6.13846247451972,-10.4667232398172,-68.3201892143438,-28.4198366451791,-14.3948272240466,NA,-42.5379065607616,-23.8967552465117,-12.6597800106876,-53.9596840373144,-1.708777692895,-37.5271685132939,-50.8554142187335,-2.93976166791735,NA,-9.45761566752294,NA,-56.9068841642083,-38.7843366145276,-2.7546057410705,-41.6675335504124
NA,3.61535570348184,-2.71574035142506,-42.6411201775683,-38.2939659331143,-55.0533463896875,4.78962290394267,-47.4301652845094,-9.28833053784263,NA,-55.1413536274956,-41.2509983539203,-14.6181183753132,-38.1171317760712,-40.702689781092,-53.7137964612923,-15.9063495211584,-53.7527293890239,-55.6428405280585,NA,NA,4.32200895261973,-12.5500551748845,-19.690211468155,0.0924441238668479,-53.1890843460339,-42.7877077016,-56.637987480362,0.832281563121327
-59.9527462152611,-53.966992301272,-6.24315232865552,-39.1413645275635,-54.9170725568296,NA,-30.212697496391,-41.3788436540175,4.21489005684394,NA,-44.323063950052,-18.5693163568855,4.03042673875145,8.68738385336088,-33.8958472539633,-68.0940960208985,-3.09024300033789,NA,-8.8004040385574,-10.0655106634766,-59.8878662576201,-46.9176432634241,NA,-51.5226395288858,NA,-61.5720498496168,-55.2280437480469,-64.0442122451084,-46.7406448226891
-54.8965060146502,-53.4241626500504,NA,-60.3608654157536,-48.4536580023518,-29.8895223160517,-1.17722757310976,-61.5635890515512,-12.6298776359472,NA,-37.2294072612124,-32.4886936674151,-7.5569694939034,NA,-34.8748747482845,-40.8154201598769,-3.4247555156269,-49.21521771694,1.5164288626959,-78.8248509738988,-31.8883051821439,NA,0.443208936745886,-3.3859304425001,4.28003624007856,-31.7245285297541,-57.1667848216333,-51.1630611058772,-27.3232542414012
-46.0839426586367,-29.5489424062725,-24.4632907227323,-51.8217645608713,-55.1910407192441,-49.9671590518382,NA,-59.3266055579981,-29.8717414990961,-4.86158541357784,-56.3879426986394,-40.7935926104347,-14.8807817254675,NA,-43.5985414968903,-47.5278504822102,-19.2307190588536,-71.1527365844977,3.67377348749703,NA,-56.169509452803,NA,-20.9432737585055,-4.67330017125448,NA,-29.8609840654197,NA,-60.1270120818834,-60.1345469407927
-49.2482565827807,-36.8441572891331,NA,-51.7552070367103,-48.3787522734278,-71.4451622294608,NA,-37.3019370695351,-24.7759969202841,NA,-7.83926270832084,-31.9366264847515,-11.721105854808,NA,-48.8070577319436,-51.4057180591534,-24.5713637968761,-38.0032944630637,-4.95294814850561,NA,-43.2462378740348,-38.7192455910852,-13.4034595571855,-55.6009055497093,-8.70760444915726,-45.4779848205187,-41.918524946476,-60.2133119616175,-59.2923523223738
-69.9525875157967,-21.8679692486007,NA,-50.0762132152498,-20.7889855477577,-49.3377138896843,-43.028002727423,-30.0225200333001,2.73627678444708,-2.89489778084055,-67.2176786460403,-19.1707495808717,-24.4842297362782,-55.8320272385271,-45.4894528180466,-26.9669227752575,-9.96593652838779,-38.2759486021767,-5.88491401898432,-29.3713993826018,-48.457008636866,NA,-61.1712108595135,-55.5732317272827,NA,-54.6969531265137,-52.1449425887638,-63.7875942442759,-71.6012961932269
-50.4687361376109,-1.14848869202973,NA,NA,-38.7358275203766,-47.7658900636547,NA,-52.2753696378034,NA,-65.2846671680432,NA,-20.3822986746281,NA,2.18851403804213,-51.3318816321253,-53.092946238786,-11.7086170336675,-26.5754273201632,5.07448113140116,-36.2376985680505,-37.1084195163241,-61.0873167537319,NA,-65.5974045488373,-13.1952533803209,-46.504776720203,-58.4286999214737,-69.9578158316362,-37.1431157426423
-64.8919644524695,-43.2031091945751,-45.9154357675383,-49.7966475410423,-26.3633290483496,-47.6307335123,-53.0299742574334,-47.8388055242171,-0.822555341548434,NA,-59.3868786196727,-42.6080739496478,-10.8980446038552,-2.24995677866123,-39.7714294572316,-53.5215524632502,-9.66274210726221,-43.8790985606842,11.0587454476319,-41.1588567094918,-65.5785616930942,-30.6457708687211,NA,1.00490559926851,3.63090860980344,-36.4225073911333,-67.2687384013159,-64.7827721587878,-42.2411137953276
-69.9926709167648,-35.6079113162325,-15.9139038652215,-26.2093796256953,-26.1226067347033,-47.4030626029547,-19.788940541089,-51.8558811252768,-14.7721864111893,NA,NA,-31.5843588675188,-0.78521180555727,NA,-57.7096458264281,-26.4905723369166,-3.36989147810729,-37.7281763766903,-5.6869070111403,-37.4327299473496,-47.3851461522168,NA,NA,-49.2882413792853,NA,-47.0389837026899,-65.2672945543268,-73.4942071857396,-46.1851479907742
-56.5218875385204,-28.7794041915258,NA,-45.9400226326052,-31.8981543918291,-29.4892664730328,-39.0267041658307,-33.7204729671646,NA,-16.0862415766443,-46.6077794633156,-37.3724501515113,-16.1759765131839,-33.3256969579843,-58.7472011955742,-42.7006377808728,-18.0441411832571,-18.1667102302699,NA,-11.4742984657657,-56.4204593528915,NA,NA,-65.3331414837595,-0.562970193838762,-33.4397527512247,-49.9253991484386,-60.1709262551155,-49.6087092266925
-56.7934449626947,-48.4098795620512,-45.2910511188249,-15.7747696261487,-18.1826617779087,2.82320978837733,-39.0952544801738,-59.0386805627456,10.5237546975959,NA,-42.4182554914678,-9.19120863387575,2.86302609929841,-64.378402482954,-59.3856460428466,-24.8893446690551,-69.2644676185347,-31.7293369306406,11.9139542645517,NA,-35.5917998654874,-49.8531309130664,NA,-41.5838335679639,-3.02189102201283,-58.8292833805952,-34.3853211170192,-41.7073474477201,-34.6997677374213
-47.7543357706437,-45.3651565841325,NA,-43.0995410697438,-31.8705116720121,-45.0442132562437,-39.2313581177965,-62.356990833122,-23.4418596586245,-29.6297681276658,-52.5290839221418,-8.7370081223414,-17.782829021862,NA,-47.6767806745932,-23.1207077207202,-61.8281139665247,-26.1002639886154,0.209269242905728,-28.22905292834,-64.422819858605,-74.5633212496102,-7.26654486796967,-49.1288569121988,3.46583700957149,-62.4492690857792,-30.5585339531773,-55.6611451966085,7.58410637052288
-71.0754657324692,-19.2833563879674,-9.36908990011339,-25.3289670403375,-47.2162434962466,-36.4127035166036,-48.333488598209,-60.4430368527039,-5.29983364194101,NA,-37.9460897784062,-39.4025183746908,-15.9045429696215,NA,-40.1278795570401,-47.8360969568576,NA,-15.9672815191867,-31.0865650784556,-54.7880157210992,-38.7630351104006,-10.8735152103852,-50.1804767484753,-71.2418947876413,-2.18675755455079,-35.9338274665619,-59.4294686589072,-58.3483798074809,-65.4810130697599
-44.0222252874344,-47.2049493085923,-43.3426564674228,-44.3167884220632,-39.8579612185124,-10.1630248485504,-38.4511776856139,-58.0976872601115,-65.4460837405852,7.93435207513847,-51.3745596840263,-27.3500597790712,-9.79904224868633,NA,-39.2429072196955,-48.6777619364981,-29.2264224444318,-9.05698991995787,-27.690557292485,-8.9461324505614,-43.4827358720515,-44.5455111381904,-64.5790548237964,3.68919814780152,4.10713981757628,-47.7057713751096,-62.3810410529089,NA,-47.3009922665507
-43.3567330907433,-42.0571796880727,4.9880609357935,-44.8345854569325,-34.4560867540143,-39.3110808451613,-25.1737994052859,-48.3381099143443,-18.4878198745451,-64.0175345400105,-43.4921424838114,-76.384452315664,-8.1654644603149,-11.8932874489298,-36.8270523294954,-34.3796069918917,-34.9057638382401,-32.5969589985323,-12.1637989540259,-27.858124737698,-38.4580187792235,NA,-62.5673255733357,-48.7883636587697,-7.71480152316298,-45.9396470786238,-54.6979408859722,-59.2014041912756,-36.9110614875979
-44.2232127278533,-45.3732485638484,-17.715369323411,-45.8920671894098,-28.5509184261582,-60.1699912869354,-51.6231402543229,-58.4531177931912,-27.6333342073798,-47.2811383558229,-41.8732097649399,-75.857362249629,-21.9314428849036,NA,-56.2333174748305,-43.3758803326139,-40.0881123198624,-21.8308329484457,-21.6257747407602,-70.617558311857,-47.2688916516953,-4.75339563462584,-71.9488754581646,-42.9220729796983,5.24436685102253,-45.2987325249475,-22.0219950934501,NA,-68.9132229562465
-61.9972127986342,-44.9659440014031,-63.3541410579329,-25.5552894132102,-32.8639239781989,-39.5808973412764,-29.1767206368642,-38.8932424955666,-33.8401985596068,-69.2474307725503,-50.0532431467773,-14.827459014785,-5.90915975406038,6.31783032093018,-56.2099919872698,-21.4568380444808,-22.084561589007,-18.2561680315558,-16.1955967341061,0.655855607113537,-67.2122077866566,-40.0456917031028,NA,-42.6888839818336,-8.59580992872532,-39.4183007428737,-30.4299651095165,-53.374471502887,-57.8034033364605
-60.6736761918713,-51.7495916966647,-6.12558560604179,-62.9154456007784,-35.4188721262882,-35.2943885711181,-54.1394408768444,-33.6524367891819,-51.481789822762,NA,-20.620533774363,-10.5766849302194,-7.46102995059038,-61.9213049092985,-39.3651343717055,-32.7019967181894,-56.0804549509637,-11.6300807059678,-72.1385662212443,-31.0482429133893,NA,-67.4541851548215,NA,-48.0163916992171,-18.5663261950219,-59.0416353051753,-45.9387794318189,-36.3407010368156,-22.2923897475386
-55.7448387907901,-44.7372758739931,-6.23785596286125,-29.2757902756688,-58.1648669786929,-33.3868382806117,-52.3806839376629,-29.1119988804813,-57.6384336190774,NA,-31.2108898977278,-24.4883205098918,-2.16808536143794,NA,-46.0494540338278,-33.5749640747937,-30.9409830543167,-39.6520456641996,-22.3278855597945,-74.6987287495555,-39.218987629872,9.43130469857225,-10.7727973018092,-57.4570258801712,-3.74489310808905,-39.5293428801159,-43.2073440075451,-49.8161858452665,-58.4865691846625
-54.5555268307174,-37.8676305835445,-8.83085031876679,-45.8962905975288,-43.6885862563589,-40.8675465054582,-29.7982876914433,-55.7595450979894,-64.8393091643798,NA,-70.1829583133876,-47.3055507950405,-47.5525037210583,NA,-35.0847087641873,-42.4730116439221,-57.9292232166717,-33.2358057916715,-37.546419618813,-21.0115177948333,-55.1452348080232,9.06871171306145,-4.54079561197711,-42.993052060433,4.14023570220517,-54.2675442064655,-46.8487741616199,-60.2705404081735,-38.567009527056
-63.2391310780724,-53.0971210974919,0.478545848580812,-33.2763331484906,-23.8454432340463,-25.3650667225123,-49.0037173582539,-38.622466347326,-49.8194712652107,NA,-44.9558807785724,-13.1926041098549,-7.69215353222204,NA,-42.8779494158469,-29.9423164942589,-13.665066053803,-27.6300341346244,NA,NA,-39.3188921016815,-42.061662258191,-69.3176315937115,-61.7811568906571,-7.00598285964627,-44.3767058741543,-23.9548492334191,-62.3689412549029,-42.9267283292074
-76.2079333520174,-36.6803343354897,-19.789111984309,-37.0638395529983,-40.5604934567276,-44.2978387984759,-33.0953901178621,-51.1342446390685,-28.047117053351,-44.8580140259115,-35.0890382144764,-23.8307060906729,-12.6395384417149,-8.31263936621096,-36.301936716611,-42.6820693016977,-26.4863666349865,-3.12107346684857,-24.774911020014,-50.1699201096221,-37.5479317684004,-1.66963113758867,-17.5470132067877,9.67465294755246,NA,-51.3070568073841,-40.6284478939241,2.57169625210968,-57.8126284023235
-36.8056751324502,-15.904403816667,NA,-35.384977371769,-50.7889855477577,-38.1334328874203,-44.5993466687119,7.06417902289891,-51.369462103446,-38.1717009358661,-53.1843676889471,NA,-6.68205429261656,-73.9016522636399,-49.5079235770586,-55.5121878483272,NA,-22.1172673991874,-10.9547212157619,-51.3240074178164,-50.419830706362,-59.7732151945078,-68.2323620844356,-50.0644900631714,-0.150695894746612,-43.2469308512032,-73.1766414409006,NA,-47.1210559492536
-71.2060262021043,-48.4547353029007,-6.04743630191167,-36.8616995880164,-30.4529960274913,-48.6403641838132,-28.2871522136563,-64.136385253249,-39.5504217866545,NA,-34.7174039587919,-25.9577538911513,-15.0654187416852,NA,-51.4375833796754,-48.291946957633,-45.0532071655193,-33.4795333966319,0.0518385115116962,-69.3443268606526,-51.8362151399631,NA,-18.5888016676751,-47.1638352892588,-13.237010963724,-43.8253353956345,-47.1508347694491,-74.4341763957189,-56.7719526979257
NA,-45.9298738031375,-46.8638104160483,-40.1715374553344,-42.1315419228219,-40.1757356900006,-56.4054734356363,-54.636739144803,-44.0602925038954,-51.286080748246,-25.5593531276216,-47.9365046826337,-37.0846147696441,NA,-36.6640022259898,-55.9519996297943,-53.4129592778256,-12.7741372064203,-13.6357390210347,-11.1318178091693,-43.2227907386135,-35.0320659066841,-22.9224494913481,-23.0452170873435,-1.21736432482592,-47.6058556411094,-39.4556606119409,-70.349824973546,-51.7138553335117
-25.9345845081878,-60.4447391248507,NA,-47.8727608109085,-63.4163982376793,-34.859243036003,-48.5810606432713,-63.1259280459132,-30.6623537078653,-42.1122826142511,-35.5354171321559,-70.1464416722355,-14.5386147572405,NA,-71.7413282043501,-27.8564911984654,-69.8205315043832,-32.1069958358173,1.17628915107405,-42.3799422742607,-58.282171503249,-1.88788239826701,-33.2307358647602,-45.9270959115843,-4.6332373304827,-43.5409140052982,-55.0995080385095,-68.9568175408855,-33.7827592187698
-52.673239444343,-41.8753326265871,-18.0928533142186,-32.1754520847997,-29.2278401550072,-40.7595093324958,-37.0553567835378,-60.9600971781482,-46.9212868544131,-19.1173684205547,-29.6971541975539,-27.2143672963466,-2.0224791766163,-0.561220015665172,-24.0434952842933,-30.5536502908068,NA,-28.7663790528757,-4.7251550231185,NA,-63.2083196774029,-47.4776206604035,-26.4850700961594,-54.2096941397982,-0.0378025688107417,-46.4158046652967,-56.2559153689667,-65.3766699000668,-64.7993458626372
-53.5552389422236,-55.0145934714809,NA,-6.40004804401808,-34.2674909149128,-41.2097326773477,-36.7726426321453,-47.9273809753888,-31.6266943153281,-50.1123558081727,-45.78927065067,-20.9952757357496,-9.10451867324076,-13.5153734421308,-64.0635921054869,-36.8574096815568,-28.5886858663037,-36.8350884434357,-3.6211113285303,-30.4280941145462,-48.3178857250592,-24.173269045199,-34.9307704898422,-60.3115399806381,-22.8406181898834,-37.5965725073932,-62.8860722996024,-66.6324241580195,-51.9141831049738
-47.999176959968,-49.6860574524719,-2.47692166163147,-21.6905141965384,-42.0372920549424,-47.8153584394827,-28.2183872672996,-53.8483934264445,-59.929725363558,-9.87775933872425,-33.533201274812,-57.7714803686255,NA,NA,NA,-54.3814977342563,-34.9466346842967,-45.6084214582314,-11.3612206831293,-43.0926949145244,-41.0707195468846,NA,-8.68909032731453,-39.6188661329632,-39.5811586209881,-45.5876730840071,-55.6099204053364,-59.6626576408167,-63.688682622321
-53.7895496367771,-54.756392581681,NA,-32.4205539989173,-32.1118958147757,-50.0428333856659,-7.97866550979223,-53.6081049172458,-55.5404483320074,-37.8233839861522,-54.5144943044105,-67.4394677082604,NA,NA,-69.2929230237561,-27.1350494864267,NA,-42.3727018745855,1.43965130646748,-48.5492440654449,-37.9654942233233,-56.4532953393745,-18.3576851813794,-20.8695790650945,-40.0463979551632,-39.7000778230306,-39.9024212597991,-63.7999054079581,-45.8554139213937
-68.5574216888734,-50.6380670485222,-82.4683573294595,-27.4055472366686,-46.6384611619183,-0.3216764158857,-37.7436177630992,-74.875454277894,-69.4362520340352,-44.3161029132984,-12.3171186060423,-36.0698076174834,-9.24312135924429,NA,-24.7393300824971,-40.1613299473918,-67.0047956236042,-7.76298181518517,0.48491375588251,-8.44122893413533,-49.2167936049734,NA,-43.1402049272092,-49.8310294372673,-18.7533509763385,-35.232351816257,-46.6422179276593,-62.0467274660562,-19.136759202222
-78.2823969819322,-64.0566706138459,-15.1184452248008,-40.6828752455743,-47.2162434962466,-44.1435761129625,-22.4301636583286,-33.9134539822959,-60.4176352928134,9.41323423982242,-51.8674367562826,3.90306579412233,-15.9432122970123,-13.761518487238,-60.1955792484376,-40.6496642747132,-66.4774867499492,-46.2616889840145,-35.2759707066921,-49.2933720857463,-12.8428959636677,-2.62432387290853,-48.8146166276022,-56.5137132779242,-38.3790641602314,-6.25655445104973,-48.4631952850296,-67.2031355869192,-46.5569958843826
-64.7559519965867,-28.7361169606951,-22.8963483826317,-35.9577009809241,-25.8999739453319,-49.1851619195803,-35.8501808768477,-62.4793622963692,-38.9362450063028,-36.4344120695843,-17.2040289740899,-15.3571860118845,-7.12394979584764,-7.22285274143078,-40.8121523724009,-40.2949342146172,NA,-39.3772122108565,-22.1508286119231,-32.088161315954,-55.006966858839,-66.7039618119657,-32.1918388216052,-10.1251401608028,-38.9208088912197,-46.7905164374503,-41.8375777174998,-63.2098940967199,-23.9167938955052
-63.8638843556584,-38.3484522436767,-3.22340775638313,-33.0736571929542,-31.140191004104,-43.60496411248,-44.6380454748714,-40.8843018094843,-32.571560971592,-39.6685416121772,-50.4127564144702,-1.94460058192663,-6.43528722060648,NA,-34.883817152253,-60.7113444416638,-55.1801347865323,-44.9179293614812,-12.9200339689826,-25.8152846928514,-48.8957492412269,-7.06567450265153,-55.3603979355907,-45.34665146526,-45.8407946842701,-34.1300150571049,-49.7706668334423,-67.4813186456355,-62.9131324190649
-46.0839426586367,-13.5664073275355,-9.97775978815693,-44.3415456995973,-42.007521891896,-23.5180416563164,-45.752686817792,-72.1722997071902,-44.7760729117491,-26.6483392199303,-45.2171647499781,-31.7239602799837,NA,NA,-45.417590401678,-55.8785023554233,-68.5558430053573,-61.490947274244,-54.4981002008178,2.14686227878041,-66.3124248336401,-25.3605719941441,-6.12370801999414,-9.80671694398754,-32.0550585502482,-51.6561015063403,-57.7200042899305,-9.03467587379993,NA
-73.8591757120321,NA,-3.947590193807,-54.1663770402764,-27.0097616363228,-29.0030415706283,-45.107269573514,-34.5965036878212,-40.6778717446229,-43.0913434035365,-44.8929805958206,-40.628482338741,1.16754248264477,NA,-28.5935460282161,-44.3998499534525,-59.076346261855,-36.157262763983,-45.7755155269343,-37.2141708693089,-53.8619985219013,-10.8735152103852,-28.1191572588462,-46.0402305988541,-45.5088763905863,-47.4804827327131,-49.2234889148439,-59.0264054212496,-23.4894174610711
-65.5125227902056,-66.4351701767724,-2.61657113087849,-23.9645616123452,-35.6840793526835,-42.2336115216018,-23.7587524800777,-54.3334095419272,-59.803974119922,-51.3198100134749,-58.7354862729022,-37.8413017035927,-32.9466536521728,10.1981030411181,-39.2469027466018,-21.960926165196,NA,-48.388606042105,-22.5577002109502,-43.548475084266,-51.3031116792064,-37.7499807404852,-60.9922135912565,-42.5750102942326,-33.6148155761038,-51.4072252133093,-68.2248738455617,-51.0030760495286,-46.515400229259
NA,-43.7137617116303,-10.2677060794135,-28.596370710478,-41.3348853754547,-50.157075071119,-47.6427007649637,-36.5730985423643,-56.021929898208,-59.5749353956357,-0.0897725000119415,-30.0229824992524,-16.4140275783036,-63.0042030766767,-38.665041317732,-33.4204333865257,-77.741130999776,-25.5188821752829,-6.85985159068857,-48.3392497028895,-65.7836398321803,-1.81929363124494,-11.0823934851373,-55.6009055497093,-38.375196689733,-39.7722411339676,-59.1882455679181,-75.3066874056006,-17.297538283432
-52.0377505359354,-11.1401496866625,NA,-14.5137099428889,-34.052341976916,-27.0011518346042,-38.0160913015622,-49.2549920330171,-35.125316594536,-30.5432122942754,-49.717664511325,-34.1843630950308,-11.0642032497408,NA,-31.4052397502819,-55.0462105769504,NA,-50.8940232528092,-8.59844960389652,-55.8698476673321,-49.9338564945906,-75.9910177651744,-37.2849087967027,-51.5013736353045,-20.5433932109958,-51.5922466314389,-28.0264037701041,-53.9301049797339,-49.1826376569014
-49.7172329655134,-52.1522548555314,-16.8088500265055,-47.5983980648251,-37.8113603038187,-30.4607784177967,-40.619539228412,-40.5968068176551,-49.8716287113579,-38.448535278035,-36.9285043183813,-29.6888519602983,-13.7221824824893,NA,-58.0947607227922,-38.6188776479868,-51.5509440923307,-46.9145785567848,-5.04893003540627,-37.3841836411925,-33.8669445885346,-25.3975305954301,-8.13245471631384,-41.5998240350611,-19.266668993488,-36.9645978253351,-37.3077684297378,-70.3889317634009,-64.8306041691091
-71.0754657324692,-28.7671326012638,NA,-58.8707289042311,-43.2372045928896,-61.9196768432729,-4.65941461025433,-33.0997902509789,-46.6320255038184,-39.9931477448414,-47.2198266150048,-20.1883398635543,-18.1098225025529,NA,-40.3372739793477,-32.6474160338564,-57.065618126228,-24.0800125793233,-31.4153665533979,-28.1495274921888,-54.342513614662,-2.96961091176096,-32.443753429604,-54.7889161742455,-35.9180560177715,-45.8447219409484,-49.8659924216329,NA,-53.2632642669151
-69.039932097961,-16.3775530443156,-8.27596687220672,NA,-25.5799008124464,-56.5318295233079,-30.9590595344991,-41.3525140692229,-60.8862790259047,-28.6030573098546,-45.6970359126245,-30.206694317186,-12.1300471207385,NA,-42.9904556343894,-41.7158960207652,-51.6806763216489,-56.0649731305206,-25.9293576745497,-61.4221478572584,-65.2151832233725,-77.8855564443115,-34.0148239288817,-41.3027939992265,-45.7348398882028,-36.5300300258066,-36.3549415081392,-67.1995239699563,-57.591145627652
NA,-45.4181886121871,-34.0573107710971,-25.6826921276314,-39.3369053900011,-44.405533619422,-52.2594875621066,-62.78328899078,-48.2615239428293,-11.7664822335341,-50.1588519443928,-38.1403884103187,-16.2007723788492,-63.5571510205059,-21.5476721544021,-39.7795359387742,-64.6881435423062,-53.3273498198474,-59.5586968280847,-58.5143446332755,-28.0475458835912,-31.6024261841395,-50.0740825916826,-50.0852092635712,-22.3897742565935,-40.6252584866694,-46.698309965568,-23.1733448475583,-30.3994713036726
-18.5583955630677,-56.3442036284167,NA,-48.0787626154541,-32.9235690416919,-53.654804142455,-4.70546477058725,-44.648067700055,-15.5985176346259,-20.8569256663304,-40.2271720115973,-19.9722837682045,-24.8276578137576,NA,-41.3846959692111,-29.9413550960791,NA,-9.65608641256047,-41.517332445272,-62.1283592223643,-58.0978368130331,-73.4012524175628,-10.0784827785021,-67.1112530396247,-43.0242166867813,-56.2368218061439,-48.8242185965229,-56.5393799512946,-35.8577031327794
-74.5796656555429,-37.9543613178748,NA,NA,-47.1859710110158,NA,-52.9795118703227,-45.9579341224513,NA,-59.1957489539396,-38.6188452250569,-18.3725944562731,-16.2183470829401,NA,-33.7095455677961,-50.1284071953012,-71.249179765726,-50.5343210451533,-43.2973432471136,-43.5273230715257,-46.4676056055642,-13.0065924505377,-60.9918851104397,-52.440950697676,-10.8786055679107,-54.2511530423013,-50.8377426382561,-68.5108677640755,-11.8529901579283
-45.5272679316319,-58.0536026311707,-36.2832137549111,-46.9163530783361,-39.4521876737576,-52.7859768544682,-43.0099202332413,-62.7389593984657,-55.2380087978189,NA,-63.7101675941882,-19.8187307267345,-17.3127738954052,-59.5192116554276,-24.0214006274503,-40.6645082761188,-77.0955078059061,NA,-4.77352522567483,-42.6039466200092,-44.5880259798765,-34.5702668222686,-21.0180097656467,-6.21542250379979,-42.878712031931,-33.0161946279447,-43.7167772378516,-42.4259431158637,-59.7106630581836
-60.0113211832266,-56.1869507482866,-40.4089374032361,-30.6161416851189,-36.7606975745867,-53.4404974700141,-35.7813157239392,-44.5197529106235,-53.8796778561388,-37.4856576960883,-5.52752697502869,-32.0044401686017,-28.0432573977376,-52.6809017254171,-14.1902655659891,-20.5165779378041,-34.395646028241,-44.9012998791231,-17.8201718312042,NA,-41.5574723378593,-1.96045484246511,-43.3800927244452,-55.3206403145156,-46.0049446951354,-9.82336284282626,NA,-60.8925690585797,-51.689275256786
-60.4258842427787,-21.3380332158151,-24.9235899509695,-7.91524214200289,5.24542796777645,NA,-16.2566611970686,-34.7417590343657,11.0563301246795,-55.3980768681947,-24.8157062207146,-44.0614382161354,-17.3984729474779,-34.5220046566092,-53.3467663941849,-53.2188473921801,-44.0655908039223,-35.1734818995513,-31.3334795066574,-52.6399755318086,2.47214703488796,-34.144281460754,NA,8.08699503145242,-10.6070366769205,-41.5097303851005,-9.28579806007969,-6.90581996502503,-15.1396365390822
-48.0283040624738,-48.8226232946938,-27.0226374193139,-47.6800389130718,-6.38406702426977,-38.0918349603221,-37.45460588314,-72.492810913013,-46.9186946005366,NA,-50.0785081761004,-27.3491668406139,-4.22085067811403,-22.3579811824102,-36.0187276538744,-34.9915655223127,-65.6143008397446,-47.2608879073369,-29.1809070312686,-48.185835683199,-49.5764008465265,-37.2805242620311,-9.85303624881833,-52.7252072389729,-41.4713316486125,-44.2512859802355,-30.0722196744965,-63.8416976485911,-31.9983006829885
-72.2677785997821,-34.4784406598867,NA,-30.1934470364842,-14.3913738169547,-56.2582210226219,-34.8347764690374,-56.6734499696301,-28.0513798120718,-5.74796998550932,-40.757673522767,-32.0899994590702,-19.0615172712241,-45.8235100629236,-17.1768775511758,-56.926317366126,NA,-10.2600681233749,-30.677626077892,-44.0020763161512,-43.5249005150249,-10.7621916362371,-61.4646963843851,-55.9798671741643,-47.1715695351015,-35.2991587559229,-29.120478188744,-57.9768553467881,-10.533544545279
-56.6936316555639,-51.135861299039,-23.7027504905444,-33.6927135912079,-53.3428124805647,-32.7673176766111,-30.3741493810645,-49.3980091047559,-41.1224689572821,NA,-46.243004313473,-34.8360945685781,-4.9835409559067,-28.7463322753852,-33.2360347708481,-40.692798363559,-61.3220978299586,-60.1691299847764,-42.8496947219058,-43.010897604301,-42.1516700346042,0.127919003007397,-53.5249522465402,-48.1016658874587,-42.5795726806792,-54.3502098404918,-41.7064782547995,-41.2822913382478,-29.0051288363264
-72.4508123904772,-15.6747279935386,-52.2569214584441,-43.07511033781,-44.0653107304161,-41.9016287426283,-35.151907377491,NA,-12.5951678581227,-32.9807514917217,1.04011372689666,-35.4055150896651,-20.2568386559645,-20.0119014355808,NA,-44.0509648176341,-16.3245465614567,-34.2123072322047,-45.7937910914126,-60.6099950915938,-37.6789927177112,-35.3929544788691,-33.793208060232,-51.6904732292457,NA,-38.7757354572598,-42.1088713870214,-45.8705824069163,-28.1802654938698
-59.1891842898275,-48.8964391863007,-39.1754086888723,-41.9619313001576,-50.7867241466003,-22.4341360600125,-26.4050439590217,-65.2993858032873,-43.7176040319498,-16.8758860629238,-55.8023576929393,-33.5749330634913,-26.1038163407304,-29.5778336494203,-22.25043477399,-34.0856846642403,3.77055962955146,-54.6609571143875,-14.0786933425616,-66.8751584499516,-63.2893361627482,-25.4810648989585,-26.3280681692403,-50.5367575873532,-19.4319374832703,-52.7385590593151,-37.0899055809482,-43.1883680096389,-49.5206526333436
-46.9110820358842,-55.3902846725295,-25.8722636395166,-34.1361794562374,-42.3559598319582,-65.5136491075846,-45.4534976520332,-33.2929927596315,-31.3761228272436,-25.2245074297304,-44.9185031298346,-34.3433146565637,-3.74320854743298,-35.2071895426224,-46.3133801685423,-55.3982687293159,-28.8287201292668,-22.3141373129524,NA,-60.9547690577522,-35.3181629752744,-5.7660946375951,-46.2411479700988,-46.8365015092861,-22.7230878882815,-54.4303654920873,-37.7775843187601,-52.204694858336,-20.1930195909895
-60.3380711924964,-38.3531531364868,-71.1968986723539,-24.4233174553599,-35.4175074943983,-30.0889882657311,-38.7362175402471,-46.0746008765858,-30.0289559097161,NA,-51.3784021647915,-31.8743801088877,4.64103607019185,-34.8875840372771,-42.1262015387455,-43.5571048304762,-59.1533518247535,-53.4949058519544,6.04069468210158,-41.3877127649161,-54.22882843241,-50.9411498039318,-18.8065261497817,-56.3052224355226,-77.7623885038045,-47.6323840136661,-34.7143314484475,-54.1664945868195,-24.9747257909462
NA,-7.68312597604503,-43.7398406006042,-41.6723112882978,-28.0699071484729,-35.2791809810535,-26.3558763389818,-54.7052530585611,-17.9187189538358,-8.74884286803445,-49.9709845561251,-22.0685722354163,-11.5191617252017,-26.7805843414955,-52.3916616709474,-25.864850267753,-17.5515656323034,NA,-14.2123766926897,NA,-27.3903685512139,-44.4242047376488,-27.8275851271255,-63.5553642730859,-16.0871236383289,-37.6856169433297,2.29535610669274,-71.7478364576702,-43.2949706874963
-53.2565892682689,-10.7438704165471,-67.0283447540496,-33.28513277214,-47.5354214542425,-37.1347622704897,-32.8965891045413,-30.2786418880348,-41.3995085426226,NA,-40.9918965242229,-48.8503136187322,-10.1240403461601,-45.9044428259067,-16.2932185878175,-40.6958982190973,-41.9581377017738,-46.8444399937983,11.830865922639,-26.9526325837135,-50.5661786667366,-31.2038815735415,-23.3899591290396,-59.2210647734566,-45.1843209452329,-59.8100156498585,-31.5523859428946,-35.7964323992475,-39.0426820186725
-68.9879672619539,-51.1791931835975,-54.1022703508023,-42.0561379462009,-42.6734081041584,-32.8625297083376,-34.8648461206762,-43.4097512403824,-13.8195010320518,-25.8718767275403,-56.5817415787062,-40.1074227087149,-3.64737820473857,-1.68232063368637,-36.8661609831142,-36.1944827149353,-36.4786938025703,-49.1462913492287,-14.3273158294252,-76.3223801698989,-49.8725652134051,-30.4880367120614,-5.00332964607469,-47.7791364104809,-49.4177613930634,-60.0606623672282,-41.4624350826627,-45.457199405305,-49.1262675689019
-44.9224621091347,-62.3978364098193,-51.0566811464408,-33.2009787030464,-42.274187075158,-35.7553467947516,-25.7972834171506,5.11138047126891,-54.3255146675044,-24.0992289182676,-42.1052845178145,-41.7003403348907,-7.55728796482003,-33.4746843049992,-32.5317691646798,-33.6166145630251,-50.2323600239243,-31.3367469942748,-21.2942338970147,-33.050607468222,-53.7712940797385,-21.6756352287619,-11.205155644719,-48.1126281540326,-50.8841832002996,-35.1914190778288,-28.0922688112283,-25.9671177356896,-35.4459871067625
NA,-10.7398935991925,-69.9987333711489,-38.2887030793432,-28.9530282365947,-55.0520293540028,-39.3070709205267,-52.456153718325,-54.1310876265191,0.980021875594263,-48.6003256220655,-15.8346709090489,-13.2082784121464,-34.40124647244,-39.8006136007267,NA,-24.6654934087658,-39.0884475232551,-2.62239148010002,-60.6113759154895,-23.4076839470957,-33.1137993143247,-49.2047512335952,-61.4344306997693,-11.9874393747661,-41.5288660347885,-13.6093313066638,-73.1280967306158,-43.8076893292925
-77.67209179465,-66.6653050807134,-56.9544832962596,-30.8414750010613,-29.0225830780834,-25.4132694683243,-34.3031873128656,-25.6853285390846,-29.6671050270743,-3.49128343767286,-48.6103443803868,-22.6861777598745,-3.17128981474418,-49.4123196748278,-34.0745330333577,-48.7880691028427,-72.6338791409363,-43.9146209503154,-3.86209519603376,-49.3383462767165,-23.3690367057853,-22.5177431608541,-22.1333685078068,-48.0640511933925,-0.136071302745912,-43.5396700874142,-31.1863240731805,-62.9074877962368,-65.1079070342752
-58.2679614812671,-37.4376668821995,-33.4863833568349,-32.7064698889446,-40.6720659229642,-40.5172671815759,-20.7370544239265,-41.505096654229,-45.8582634736079,-24.1765167723681,-59.8463785633708,-19.3737223142816,-12.0048137220734,-40.436322166183,-19.1391270753671,-42.0084898777642,-50.9354472727614,-29.3431926554764,-31.6090558987254,-46.0353297111784,-39.4010754544807,-36.2961295417973,-34.7682761466069,-49.5720374253534,-55.904057544024,-61.8949320968567,-47.7565936425468,-56.6561143717613,-49.712299720291
-43.9125120114782,-58.3781095286754,-78.2366869387234,-45.6819223911162,-52.1055735832326,-68.5604671802814,-15.3979420437583,-36.5246706529648,-37.3909988159321,-5.06960457256453,-66.4306066549614,-24.3037006908915,-8.04457356344999,-28.0975635059102,-49.0225732974561,-52.2787324820503,NA,-47.2737306294978,0.382665506481219,NA,-35.3991747605213,-43.9598548587057,-59.1518729666123,-25.4868911380054,-57.9996435847782,-44.305317120709,-40.8748093418947,-52.9639101781978,-19.8491261576544
-19.3536478410957,-62.9332885386224,-56.6281341100565,-38.9404843187249,-31.4500515362644,-50.6047349224891,-43.5479122498438,-41.4532143206465,-44.1427615630717,-25.1108770944588,-43.2624409427534,-39.4572626008667,-14.6588457399756,-27.008183238115,-62.3860541201518,NA,-69.9640780732329,-33.8562808739998,-43.6357390210347,-60.5909497713368,-31.4706034335553,-33.1519651584765,NA,-38.9031001353666,-35.4280405787794,-57.644214191884,-21.4356507542428,-40.3105848679008,7.71597764307138
-60.1676282256181,-20.9127903461285,-54.5571571616011,-50.600589829065,-30.204637098412,-38.9204629830657,-43.4898680317654,-38.4737422317041,-43.1113846607087,-49.7515897709821,-36.2007636113112,-30.8830984415911,-16.1853806041834,-34.4670042244622,-36.1886600469463,-52.465933951442,-37.0271845684387,-28.7709280688807,-47.5393651517036,-31.6811747144451,-38.9186841519419,-19.9910883100823,-34.8725046783367,-56.6203964768112,-59.8058418453374,-40.7206211696001,-36.5965652112622,-48.5507879483582,-53.8572807030405
-57.1397813024123,-41.6589784788097,-38.5342993668297,-37.6035955924351,-33.3336627428786,-66.2168075577891,-38.6294314386473,-14.4603662330428,-48.1709559100859,-25.0211638336804,-36.6915311908299,-44.3466831382405,NA,-33.6643891375146,-52.4018986599003,-34.7134017746604,-63.4858356845776,-40.8526723464269,NA,NA,-47.257375328485,-39.6768538302285,-9.14691554699243,-51.5414471506944,-38.678988219123,-50.2456622023132,-41.0850614133209,-39.7283493118045,-54.9458375698145
-73.494498670268,-28.3221777427555,-26.266261092226,-7.66250830254429,-55.4525025827971,-43.7063695745377,-44.8689154315401,-30.9471451178691,-21.7625999138102,NA,-52.3189014712498,-35.4645464735327,NA,-23.776790090305,-34.4494996303886,-33.5749640747937,-41.6714066880984,-37.1426187808843,NA,-20.4857463103791,-33.2997084542658,-14.5633212496102,-19.8574427742042,-44.0922359428117,-64.2559581620489,-27.2625929351482,-34.7930924884963,-48.3227781990494,-56.9256254374876
-60.3643097359092,-53.9115890140578,-72.816386916957,-36.5583751794977,-44.1467021777754,-37.0909675365466,-34.7169695871809,NA,-36.202125466948,-16.3689630882252,-48.1524325122895,-27.5200339801276,-29.7645194691605,NA,-19.8277988151194,-60.9456231179062,-10.2797945364588,-21.4442239427261,6.97890640895752,-43.3488283842605,-2.59844715903232,-44.8836878036674,-16.8762574207863,2.06567387358376,-53.6959217832657,-37.5368928277078,-42.2573454223423,-3.84566303442823,-49.8444707107448
-78.1741168675321,-39.3797302402645,-33.6669885586782,-44.6136241073945,-33.8797439374012,-20.4761640165939,-31.1040928365534,-34.1482903545743,-47.9236079032408,-23.6560492022555,-47.0564469398471,-35.3775459590389,NA,-39.562154976028,-59.2619130690213,-36.8987825500709,NA,-48.1305902616144,-16.2631886725546,-25.3226803053471,-40.5185860377328,-58.3121149330329,-23.2066128481777,-47.8788873143989,2.29674618619099,-62.8380678116841,-36.4067615337029,-50.4047197393553,-17.8008272406684
-62.9084897994728,-32.991023000933,NA,-37.41278433921,-22.9765431990027,-47.0199810623014,-34.7108926309421,-13.5011342517618,-56.5724042500965,-47.9804961021027,-67.6428381174873,-29.7819050991382,NA,-42.7401572097936,-53.3467663941849,-54.7111558118162,-40.9493265072249,-46.4498200470735,-36.6486026109527,-37.5705810144726,-40.4258900323581,-62.1688758977252,-47.4898105788736,-38.98442671504,-52.3255563781235,-54.8013354707822,-37.5264344902449,-67.0322309768291,-67.6394138520502
-47.8866464272884,-43.9436111244498,-70.4611828883702,-29.286521347559,-37.6657191747093,-50.5470265734216,-43.9266182437878,-40.2300424224865,-18.9839420197548,-39.10336073766,-54.7828766729748,-35.0513692568531,NA,-24.4114945682836,-33.7095455677961,-32.4893305134216,NA,-33.5143184754942,-5.7673799866724,-59.2303104900704,-28.6816212391064,-54.0458485371282,-51.6196202109397,-31.9508296378483,-39.0865831219081,-49.7272944855445,-44.1925723622828,-50.2632954157447,-42.2885587159245
-39.6793012188667,-12.0816247164201,-74.3932628125807,-41.6607782893952,-31.988932603428,-45.7239242036378,-40.9781056129185,-42.0335612147099,-47.2169641406715,-63.6714559989815,-50.119215064091,-36.9257993198585,NA,-45.8108105744092,-54.5648447472053,-45.9879539683277,-35.5666975538043,-16.6182683086024,-68.6778751561394,-25.0333506061464,-4.04722226194381,-39.3038246572144,-55.9539619896429,-51.9239632329246,-27.2738234842911,-48.940070225394,-26.8425927318699,-48.9406461755828,-52.3460941532692
-50.9355746209115,-51.6878977863358,-63.4268984698678,-50.6903107972919,-30.6569788546899,-51.8418896124444,-42.0890161013924,-49.3857055642856,-33.3337518242325,-54.3976414850539,-48.5173300886208,-35.6776670320882,NA,-54.3076858682386,-34.3928149585452,-66.9145154783369,NA,-69.8813175532877,6.68479872733276,-68.5351727722041,-30.0836077670539,-52.4635861072264,-47.2447083839589,-51.4788857743142,-12.0429438940641,-39.3992408518526,-32.3062500610853,-65.2922761089067,-32.7913333315536
-43.6415444600069,-34.8586061000092,-53.9139825355427,-63.0126793544885,-32.3592654294374,-63.2295249253046,-50.4661857529455,-38.8439832318436,-38.5345399700228,-37.1634155370682,-41.7539781951275,-30.6021717489517,-70.2073351304774,-26.0535208908345,-44.6014785854069,-36.0407665342336,-72.5205874043775,-30.9249128312481,-22.5300381447935,-60.8926506686642,-53.288238351318,-37.7479296194188,NA,-43.8598478764824,-44.7960373685121,-52.7924602032392,-56.4306281566686,-53.3084222499653,-46.1768358923885
-41.0251735090656,-51.0401489333607,-30.480455794232,-44.9447267732498,-40.2723743732367,-37.7733993404227,-42.5402798039789,-22.456153718325,-40.9018610688734,-55.5459253129965,-50.6072680629103,-34.6263416965015,NA,-28.7028692537269,-50.001645131381,-56.7230278847493,NA,NA,-29.2666577663555,-37.8092302770522,-29.2477971349773,-28.9423929497692,-60.682072252877,-59.4767453124747,-67.2863696443679,-36.8809062382569,-51.4990885453483,-44.2252016486821,-18.0631254357203
-62.7152762509316,-24.2273339759641,-61.4422865759803,-29.9757799031913,-27.4504347314294,-44.8393808045699,-42.9344194898403,-27.5541447017515,-45.9407058031589,-41.4486796018917,-57.2742165692267,-25.9094355049363,NA,-27.1901772877734,-25.5823980985606,-43.1861215277454,-67.2174222019386,-42.4281656308292,-37.4240873312248,-27.1387184042282,-35.8545291472727,-54.0932562104054,-57.9305910654526,-48.8701982624739,-48.507876399018,-57.8498416588831,-33.0315377526555,-42.0850170057986,-45.4249182862003
-55.7058507138771,-45.5837576188221,-78.6079875681589,-42.9543934865738,-43.7198575355729,-44.918567051702,-39.1027028982035,-44.6561441447931,-23.3944923734192,-57.264440181842,-45.3828978003802,-27.996975671676,NA,-41.0316043127213,-40.5350773478601,-46.948151367899,-33.0705950714703,-48.5371645611257,-32.5005674412817,-44.9310111647136,-42.661121930941,-22.1238967003226,-14.9961423892783,-40.5650066006554,-41.6526600992289,-41.2823177928294,-41.2201502747583,-51.3088571310175,-35.7892373747223
-58.3237655400933,-37.8664320006162,-39.1174485208485,-44.9828517337281,-52.1400315468715,-45.4055955847798,-33.9177895802998,-36.7497195719854,-60.618576729223,-19.0914007887539,-35.6489123170739,-51.5651145001539,NA,-25.0682282567371,-38.2235239351409,-33.7285242227579,-60.5219268084585,-52.6381159277113,-20.0443195449406,-53.078843863776,-26.9874100457856,-22.9607657028006,-14.7261427603871,-52.3097979474439,-58.021943581838,-36.3645148751249,-59.4528275382813,-40.946924483393,-32.5519773060838
-49.5636384633658,-37.9539732556881,NA,-40.7322669257848,-56.3847078246227,-40.2104494127951,-41.9006994719431,-48.6728566140378,-37.5658220530217,-37.8670571966528,-47.5231391585895,-29.4170321724687,-56.9840091077786,-40.1867498734072,-24.529864804446,-21.4314807507573,NA,-27.9693447763518,NA,-45.0274092468013,-27.7517938694398,-46.87093397831,-47.8729363900834,-53.0123711447911,-62.7427491356573,-39.3662964392513,-57.1738294935835,-43.9475914622615,-54.8082246053055
-57.8280973652135,-46.4658531127599,-57.2879293355119,-39.6558535366867,-49.3918086611503,-44.0858621900959,-39.6821809486343,-46.4546550551939,-61.5466782222597,-54.1975266496389,-61.7420146861065,-60.6789493051801,-74.3540049097934,-20.5583563177341,-52.2449711460016,-35.1779331344275,-69.4757968899521,-61.6469846441022,-44.7056045552731,-63.8963684779918,-43.2902777402513,-39.5720932878158,-51.4945540695832,-52.984919751532,-35.6111228954885,-35.4094362878794,-36.0021214081254,-49.9089822749014,-33.1433049231881
-55.4343564734657,-63.5283803951268,-71.7542857218503,-20.0419627889164,-55.8179371366211,-46.3576414452532,-32.0382142243348,-40.9345419798108,-73.0166501349292,-36.9164937092605,-57.9135882796439,-42.8428076055913,NA,-23.9794856658667,-40.2901240505492,-53.4366206321069,-39.7373213369425,-24.8241886201832,-35.1327943746423,-45.1504021165236,-32.6059667124267,-47.6838618621078,-20.1282960579765,-46.8365015092861,-55.2550226470398,-46.924170342515,-45.2545732326536,-71.322519223435,-52.7192619898152
-71.3614333657919,-40.7860092092385,-41.1354578200205,-53.0328023995335,-29.8786683037742,-60.4505529512015,-43.6613384996712,-24.028889158631,-49.5206837782006,NA,-42.0353403502701,-46.1875367715054,NA,-44.8465443989401,-37.3842138035538,-62.5601666697879,5.659376345224,-41.9699781944931,-66.8598515906885,NA,-32.376865620946,-54.0984551734159,-46.5522587500128,-47.4385037684326,-54.609583447275,-51.1500993296928,-28.5750821877012,-43.5990360062345,-26.4625980008164
-57.4165543941627,-51.2695195322556,-79.624129942976,-30.3975397021242,-49.2329794792822,-33.5613223894163,-47.9867725939899,-43.0514756139629,-33.4594478953862,-53.7842287184614,-64.138575906934,-50.081307667034,NA,-22.7133931921503,-43.3109401973253,-33.0850744009948,-29.5746526013564,-25.7017766388315,-44.2455665754295,-37.0672674400902,5.07614082805801,-23.1561614521561,-30.6303325912539,-50.9042572313317,-41.5731391707881,-38.3687910920185,-40.4680893020376,-63.497556775506,-50.6737034749705
-56.6380270876665,-32.3263492337497,-59.9967756618779,-47.0347921656987,-54.6124582119524,-51.6634756702261,-42.5402798039789,-44.5197529106235,-52.7692975434923,-19.0176979459638,-42.5113578936852,NA,NA,-39.6879455412644,-31.1490554585952,-58.2420513864408,NA,-38.5881583274534,-15.4079761125475,-61.0827335122691,-33.4794303081451,-44.1187880865094,-69.7155904750001,-60.9652208237102,-50.4840099182143,-56.6152168647026,-49.2420338384709,-58.0839378478849,-17.6327054360266
-41.3987362291327,-33.7920636184226,-39.5867490004553,-33.2812383748177,-48.5300156505812,-45.1462933208767,-32.0159671192164,-33.3361070307644,-36.2944523283022,-13.6386780785124,-50.9772723298288,-34.9859441147835,NA,-31.3688510749847,-35.5716510065751,-19.9361198143096,NA,-32.7906189398515,-45.4079761125475,-45.2458880698738,-25.7751706880538,NA,-59.4041636679491,-47.6763329089806,-33.6859274711111,-33.5064640828592,-56.6294972965632,-34.7937144311878,-39.5341733952077
-43.5453204538629,-45.7080832709643,-17.748497422546,-39.6216105642718,-41.1135175987217,-55.2316041815957,-41.2337247230462,-41.9258387729038,-70.9781909821704,2.82311245790406,-50.727747759262,-48.6010693589585,NA,-31.8713456566497,-37.6875287275531,-38.6183130226889,NA,-40.5766620385279,-35.7668608071637,-63.7418085021678,-37.209852344511,-49.5886034462508,-61.8920829201353,-49.6649365950046,-38.7700769136113,-42.0735399721841,-28.4618603111037,-28.3816735422037,-37.2421570824807
NA,-48.53306053423,-20.2355642858991,-48.8206970184462,-44.3608225201627,-55.0532569635949,-20.2867653850064,-26.8693031490436,-58.1674491280645,-54.1472604708006,-38.580695322426,-55.0219153203827,NA,-22.2309813519247,2.2179421368387,-55.6182421461948,-37.0710676116991,-33.400904464737,-7.58423224347691,-21.8221489995298,-37.4200455862726,-38.9022288933029,-48.5630521508586,-51.8448807412474,-56.4872481401426,-33.0335325100194,-29.7281591138094,-59.6793825178821,-62.0378823935426
-26.2942187284574,-31.3426932446977,-33.9326440866737,-63.5047142441339,-54.4158262977788,-45.6013430806816,-44.3906332423715,-41.7451108792437,-44.6013547843847,-5.25539788781042,-57.5044322177672,-44.2560888010115,NA,-41.0973173258899,-15.782944699712,-26.8043579764918,NA,-36.3235383812535,-40.7367966036534,-40.8093416467373,-30.9220788342025,-62.9830287522371,-41.8061226608642,-60.1962714518403,-40.2846276040655,-36.9645978253351,-44.7201840075015,-47.6715794126741,-73.0656394788118
-47.1648542974158,-32.4825989069609,-8.52062191114978,-49.6359378156298,-38.4633310678768,-33.0133522882526,-29.8099904811401,-27.3066492146569,-48.4988645659175,-27.2074248650984,-33.1353672394049,-70.6710625001377,NA,-52.1273917345229,-34.4945987840065,-25.8583837688834,-66.7740804281869,-38.0094056941978,-45.4079761125475,-41.12124053474,-35.1179882689026,-57.1851592854229,-45.7342443264091,-44.686326381038,-44.3122537664713,-48.1572817317515,-48.6830599516104,-64.9670973640595,-48.1892459715634
NA,-18.6771914142131,NA,-61.1990159306405,-53.394142807466,-10.9786172391797,-7.55798439235445,-47.2205285553424,-21.8122299435175,-30.9901756215148,-53.1598274169923,-62.1206891544857,NA,-75.8349773498172,-54.5993064640174,-57.4143029138011,NA,-40.1816386184236,-28.7665730597242,-60.4590516557828,-28.7588074125182,-40.5019163521252,-55.4903747507118,-67.7008750825365,-47.4521460415684,-33.81982437407,-43.0667673005526,-45.8728295618344,-46.9245985718561
-44.1248934149043,-47.9896782679633,2.601934118388,-37.0193660197499,-47.8753120135528,-62.4883441709064,-51.8585793279834,-30.2999039220322,-42.8255607834027,-23.1459810469747,-49.4618870109267,-42.9955954195593,-56.0638836473425,-18.9851570726582,-36.9308639979513,-39.7715207268112,NA,-31.597427387243,-20.2608022046017,-80.4448415548987,-24.7009522073556,-45.7385602736759,-13.9842165366969,-50.2923600518349,-42.2071831107935,-43.3288151862414,-56.6961684561925,-67.8238139885966,-46.6715506629346
