participants,conditions,dates,files
NA,1,2022-09-26_13h39.43.125,111111_implicit_time_2022-09-26_13h39.43.125.csv
NA,3,2022-09-26_14h39.01.852,22222_implicit_time_2022-09-26_14h39.01.852.csv
232306,1,2022-07-13_09h37.41.264,232306_implicit_time_2022-07-13_09h37.41.264.csv
232642,1,2022-06-06_10h52.10.753,232642_implicit_time_2022-06-06_10h52.10.753.csv
235138,1,2022-06-09_10h48.20.257,235138_implicit_time_2022-06-09_10h48.20.257.csv
236095,1,2022-07-08_13h14.27.326,236095_implicit_time_2022-07-08_13h14.27.326.csv
236107,4,2022-07-29_11h25.25.197,236107_implicit_time_2022-07-29_11h25.25.197.csv
236125,3,2022-06-08_15h23.05.229,236125_implicit_time_2022-06-08_15h23.05.229.csv
236128,4,2022-06-06_11h24.33.322,236128_implicit_time_2022-06-06_11h24.33.322.csv
236149,1,2022-07-04_15h22.33.852,236149_implicit_time_2022-07-04_15h22.33.852.csv
236155,1,2022-06-07_15h13.44.021,236155_implicit_time_2022-06-07_15h13.44.021.csv
236158,4,2022-07-28_12h28.46.005,236158_implicit_time_2022-07-28_12h28.46.005.csv
236161,1,2022-07-08_14h17.45.910,236161_implicit_time_2022-07-08_14h17.45.910.csv
236167,4,2022-06-16_13h11.56.212,236167_implicit_time_2022-06-16_13h11.56.212.csv
236170,4,2022-06-07_14h36.14.649,236170_implicit_time_2022-06-07_14h36.14.649.csv
236173,4,2022-07-12_12h53.45.580,236173_implicit_time_2022-07-12_12h53.45.580.csv
236176,3,2022-07-06_11h09.35.300,236176_implicit_time_2022-07-06_11h09.35.300.csv
236179,4,2022-06-03_15h01.11.580,236179_implicit_time_2022-06-03_15h01.11.580.csv
236185,1,2022-07-29_10h08.48.954,236185_implicit_time_2022-07-29_10h08.48.954.csv
236197,4,2022-06-30_14h29.11.030,236197_implicit_time_2022-06-30_14h29.11.030.csv
236200,1,2022-07-20_12h33.08.566,236200_implicit_time_2022-07-20_12h33.08.566.csv
236212,1,2022-07-18_15h25.30.510,236212_implicit_time_2022-07-18_15h25.30.510.csv
236215,4,2022-06-08_11h02.50.862,236215_implicit_time_2022-06-08_11h02.50.862.csv
236248,3,2022-07-20_11h33.27.770,236248_implicit_time_2022-07-20_11h33.27.770.csv
236254,3,2022-07-13_11h11.36.694,236254_implicit_time_2022-07-13_11h11.36.694.csv
236257,3,2022-06-27_15h23.41.740,236257_implicit_time_2022-06-27_15h23.41.740.csv
236260,4,2022-07-20_11h02.38.729,236260_implicit_time_2022-07-20_11h02.38.729.csv
236263,4,2022-07-15_13h49.21.309,236263_implicit_time_2022-07-15_13h49.21.309.csv
236266,3,2022-07-18_14h17.38.577,236266_implicit_time_2022-07-18_14h17.38.577.csv
236275,3,2022-06-09_10h09.57.236,236275_implicit_time_2022-06-09_10h09.57.236.csv
236278,3,2022-06-07_10h08.10.404,236278_implicit_time_2022-06-07_10h08.10.404.csv
236290,3,2022-07-15_13h24.30.164,236290_implicit_time_2022-07-15_13h24.30.164.csv
236305,1,2022-06-08_10h31.15.426,236305_implicit_time_2022-06-08_10h31.15.426.csv
236308,3,2022-07-05_14h27.29.421,236308_implicit_time_2022-07-05_14h27.29.421.csv
236317,3,2022-06-21_13h55.55.156,236317_implicit_time_2022-06-21_13h55.55.156.csv
236323,3,2022-06-08_12h45.29.639,236323_implicit_time_2022-06-08_12h45.29.639.csv
236326,4,2022-08-02_13h25.46.576,236326_implicit_time_2022-08-02_13h25.46.576.csv
236329,3,2022-06-17_13h13.26.256,236329_implicit_time_2022-06-17_13h13.26.256.csv
236350,1,2022-06-08_13h58.20.883,236350_implicit_time_2022-06-08_13h58.20.883.csv
236356,3,2022-07-28_10h14.27.004,236356_implicit_time_2022-07-28_10h14.27.004.csv
236383,3,2022-06-16_13h45.00.610,236383_implicit_time_2022-06-16_13h45.00.610.csv
236386,1,2022-06-21_13h09.04.084,236386_implicit_time_2022-06-21_13h09.04.084.csv
236395,3,2022-07-12_14h37.16.442,236395_implicit_time_2022-07-12_14h37.16.442.csv
236398,1,2022-07-13_12h32.07.045,236398_implicit_time_2022-07-13_12h32.07.045.csv
236410,1,2022-06-22_10h04.35.609,236410_implicit_time_2022-06-22_10h04.35.609.csv
236422,4,2022-07-08_13h44.11.548,236422_implicit_time_2022-07-08_13h44.11.548.csv
236425,3,2022-06-17_15h24.54.583,236425_implicit_time_2022-06-17_15h24.54.583.csv
236452,3,2022-06-27_13h51.37.175,236452_implicit_time_2022-06-27_13h51.37.175.csv
236458,1,2022-07-19_14h38.43.547,236458_implicit_time_2022-07-19_14h38.43.547.csv
236497,4,2022-06-27_13h19.08.050,236497_implicit_time_2022-06-27_13h19.08.050.csv
236503,1,2022-07-12_12h23.01.832,236503_implicit_time_2022-07-12_12h23.01.832.csv
236512,4,2022-06-22_10h55.59.190,236512_implicit_time_2022-06-22_10h55.59.190.csv
236530,1,2022-06-06_13h49.39.748,236530_implicit_time_2022-06-06_13h49.39.748.csv
236536,4,2022-06-22_15h58.44.809,236536_implicit_time_2022-06-22_15h58.44.809.csv
236542,3,2022-06-16_15h25.39.043,236542_implicit_time_2022-06-16_15h25.39.043.csv
236554,1,2022-06-17_14h07.37.447,236554_implicit_time_2022-06-17_14h07.37.447.csv
236557,4,2022-06-07_10h56.06.083,236557_implicit_time_2022-06-07_10h56.06.083.csv
236572,3,2022-06-23_13h07.45.926,236572_implicit_time_2022-06-23_13h07.45.926.csv
236575,4,2022-08-01_15h15.56.554,236575_implicit_time_2022-08-01_15h15.56.554.csv
236584,4,2022-06-08_14h29.47.699,236584_implicit_time_2022-06-08_14h29.47.699.csv
236590,4,2022-07-13_11h50.42.977,236590_implicit_time_2022-07-13_11h50.42.977.csv
236599,3,2022-08-02_12h37.31.749,236599_implicit_time_2022-08-02_12h37.31.749.csv
236605,3,2022-07-29_12h09.46.474,236605_implicit_time_2022-07-29_12h09.46.474.csv
236614,4,2022-07-07_14h30.13.837,236614_implicit_time_2022-07-07_14h30.13.837.csv
236617,3,2022-06-07_11h35.03.804,236617_implicit_time_2022-06-07_11h35.03.804.csv
236644,1,2022-06-21_15h14.43.983,236644_implicit_time_2022-06-21_15h14.43.983.csv
236650,1,2022-07-26_15h18.01.507,236650_implicit_time_2022-07-26_15h18.01.507.csv
236653,4,2022-06-03_13h09.06.122,236653_implicit_time_2022-06-03_13h09.06.122.csv
236656,1,2022-06-23_13h40.22.024,236656_implicit_time_2022-06-23_13h40.22.024.csv
236662,4,2022-06-21_14h33.01.451,236662_implicit_time_2022-06-21_14h33.01.451.csv
236674,3,2022-07-07_15h17.34.117,236674_implicit_time_2022-07-07_15h17.34.117.csv
236707,3,2022-06-22_12h31.46.427,236707_implicit_time_2022-06-22_12h31.46.427.csv
236716,3,2022-07-25_14h25.47.182,236716_implicit_time_2022-07-25_14h25.47.182.csv
236725,4,2022-07-05_15h10.03.660,236725_implicit_time_2022-07-05_15h10.03.660.csv
236728,4,2022-07-11_14h21.22.143,236728_implicit_time_2022-07-11_14h21.22.143.csv
236737,3,2022-07-11_15h05.34.541,236737_implicit_time_2022-07-11_15h05.34.541.csv
236749,4,2022-07-22_12h54.57.409,236749_implicit_time_2022-07-22_12h54.57.409.csv
236761,3,2022-07-29_10h49.24.773,236761_implicit_time_2022-07-29_10h49.24.773.csv
236764,1,2022-07-13_10h40.08.443,236764_implicit_time_2022-07-13_10h40.08.443.csv
236770,4,2022-07-19_12h59.29.102,236770_implicit_time_2022-07-19_12h59.29.102.csv
236851,1,2022-08-01_14h18.35.860,236851_implicit_time_2022-08-01_14h18.35.860.csv
3148,4,2022-09-23_16h07.54.340,3148_implicit_time_2022-09-23_16h07.54.340.csv
3178,1,2022-09-23_16h50.00.338,3178_implicit_time_2022-09-23_16h50.00.338.csv
3190,3,2022-09-23_14h10.10.473,3190_implicit_time_2022-09-23_14h10.10.473.csv
3202,3,2022-09-23_17h24.22.971,3202_implicit_time_2022-09-23_17h24.22.971.csv
NA,4,2022-06-22_11h36.35.538,345678_implicit_time_2022-06-22_11h36.35.538.csv
3679,1,2022-09-22_17h30.33.196,3679_implicit_time_2022-09-22_17h30.33.196.csv
3880*,1,2022-09-23_17h55.47.011,3880_implicit_time_2022-09-23_17h55.47.011.csv
4126,4,2022-09-23_13h38.45.933,4126_implicit_time_2022-09-23_13h38.45.933.csv
4222,4,2022-09-22_13h23.57.595,4222_implicit_time_2022-09-22_13h23.57.595.csv
4411,3,2022-09-26_12h33.37.518,4411_implicit_time_2022-09-26_12h33.37.518.csv
4417,4,2022-09-22_16h50.28.500,4417_implicit_time_2022-09-22_16h50.28.500.csv
4441,3,2022-09-26_16h24.42.306,4441_implicit_time_2022-09-26_16h24.42.306.csv
4516,3,2022-09-22_18h27.03.834,4516_implicit_time_2022-09-22_18h27.03.834.csv
4528,1,2022-09-23_13h01.53.760,4528_implicit_time_2022-09-23_13h01.53.760.csv
4861,1,2022-09-22_15h24.07.739,4861_implicit_time_2022-09-22_15h24.07.739.csv
5068,1,2022-09-27_09h51.54.606,5068_implicit_time_2022-09-27_09h51.54.606.csv
aliza,3,2022-09-23_14h36.50.893,aliza_implicit_time_2022-09-23_14h36.50.893.csv
ekam,4,2022-09-22_14h58.15.523,ekam_implicit_time_2022-09-22_14h58.15.523.csv
favour,3,2022-07-06_10h29.17.521,favour_implicit_time_2022-07-06_10h29.17.521.csv
good 2,4,2022-06-16_14h49.37.328,good_2_implicit_time_2022-06-16_14h49.37.328.csv
khfkghfjgf,1,2022-09-22_13h00.08.747,khfkghfjgf_implicit_time_2022-09-22_13h00.08.747.csv
number 2,3,2022-09-27_10h58.47.478,number_2_implicit_time_2022-09-27_10h58.47.478.csv
parmingood,3,2022-07-08_14h46.59.070,parmingood_implicit_time_2022-07-08_14h46.59.070.csv
participnt2,4,2022-06-27_14h52.23.998,participnt2_implicit_time_2022-06-27_14h52.23.998.csv
Zeenat,4,2022-06-17_15h03.05.787,Zeenat_implicit_time_2022-06-17_15h03.05.787.csv
