schedule,p1,p2,p3,p4,p6,p8,p9,p10,p13,p14,p15,p16,p17
0,-6.5343767193708,0.120875933516795,2.2179179823766,-5.45971182826143,2.74422247832975,1.31343177329855,6.77160434498702,0.188769303280784,1.9844597669153,5.44731717289588,2.9624309111296,1.01683034240669,5.52400953503801
0,-1.7811471705377,4.31054111680823,0.442216324555816,-0.969460343381741,4.77806414430758,14.4921445159562,0.66423638671184,8.03753409184842,8.85768696219807,11.5191181967669,9.377579128387,13.8978580159597,7.34034485714432
0,1.31343177329855,-7.99403185704361,6.56410995365208,8.10894184806262,-3.73303075438142,0.152401030038883,8.04368167663823,5.96514837673538,0.828152167658199,3.81685535750016,1.09168749507663,-1.65573518094677,4.78448713893156
0,1.25870922068731,2.25689168647086,2.68192494953822,7.19474881564446,2.79580203548357,-8.06024932841074,10.4001191887573,10.2053358786912,8.24139947601707,2.5499093682873,1.84760290419674,2.70743114241819,4.28809612375805
0,-5.97009227018924,1.82769631699198,9.24255396328994,2.72778803911888,1.85303127096094,-9.34557692098457,0.110508093864888,2.64872425778476,1.42260083899944,-2.76357890037157,6.83541884097505,-2.49536686487514,3.11105987353788
0,-0.0274887950273554,-2.45490025655868,-0.633819084709224,10.4518052436627,6.14894603248304,-4.58309936475291,-0.696493668686491,9.82887053183081,-0.71077338515521,-1.16912184757429,-2.01100218796226,3.51066236712567,-4.04020401840419
0,1.82335255314595,-3.72159809791806,-0.565751845681199,9.74527898404542,2.84851689143233,1.65307664190549,2.74313845375797,4.22016983269954,-0.127028755587904,6.70678103336019,3.58524294506186,3.02195955913277,-2.4490413325313
0,1.87210650978384,4.05445737695709,-3.47501844659514,-0.267061950706089,-5.63482462557583,8.58917068737788,1.63056020514622,0.144549211491896,1.5450005444778,7.79267054904006,10.7992405923375,10.5678423177207,0.568871351800921
0,-10.6964418528763,-0.890188142974171,4.71575580049989,0.719442046452443,-0.881675324903707,-3.14609154833464,1.2314214647699,4.77133510047148,14.3561605685277,6.89715139564784,9.07453026032678,-1.99075991688832,4.10511369595232
0,-2.24793192846681,-6.87900447232884,-4.21624253042085,-1.50624366132983,3.88064024311907,1.58035105389369,3.25371487517322,6.65560710908566,4.36319516858243,3.56943563597229,1.92178163262673,1.1821292800613,2.67265393973212
0,-1.0902973474913,8.58917068737788,1.52667663785872,2.06387961182447,-6.05306625815078,0.831628997400789,-3.2067615040733,2.89555885372864,3.55059734523389,8.36477522366527,-2.1949114337938,6.04634268809566,4.66259103798101
0,2.83933538113769,-3.64081096635056,-1.24741127451957,1.89600521536827,-0.378223466966606,2.85206382291821,-0.504295558069007,2.09928516037258,3.4190369243958,3.95249718411332,8.81325175052337,1.74844517504188,6.09345563445447
0,1.51618037659742,-5.23954368542924,-6.47009854827215,-2.67265393973209,3.51791329332123,-3.01281029586455,7.03256652923576,0.608452472074986,1.89501318361683,6.52265336702217,3.25595345141915,-2.87490683033182,1.12932494927221
0,7.75128957180117,-6.53922097395556,7.56123979193248,2.74313845375797,-9.59279122734352,6.17889800306876,7.48127989656501,3.3709680515969,-0.423521317709062,0.771155618055962,1.15650283618358,4.38477840534811,3.22812403616137
0,2.1417554624284,1.07758107126291,-0.50480182258186,-3.51016956333515,2.67265393973212,1.68703274803015,2.72778803911888,5.98049165766497,-2.31599602709842,3.90726238123862,-5.62446234909726,1.06501255385555,0.410341258886795
0,22.888848414488,-5.37303580236029,-2.39571756130333,6.27794322667827,5.25876368460764,-4.85400328321487,1.59277265264631,4.20307356393965,2.65517146532034,0.425074810036805,8.17880276525373,2.55255663736188,6.21978708813201
0,4.85360945832425,7.94597086321295,1.80689133481333,10.9896497460388,NA,5.37997559821777,1.87298938485836,-2.60931263864553,6.12745693566932,7.03256652923576,5.37988465452845,5.9191954470214,11.6887073695514
0,-4.9833026757548,1.26497458073678,-1.83231834499223,-1.06501255385554,5.90964008012684,12.2873156932326,-4.76677532215895,4.51317842370442,2.0431714601219,1.36449636972468,-0.110508093864879,0.810517685623851,4.92147812035526
0,2.2133607501394,-0.703544873715518,11.2613399859555,-1.3092805609954,2.96351645170429,-1.2236443596126,-6.95747659423021,2.2133607501394,5.50442992271497,5.37988465452845,2.69613411984202,0.608452472074986,4.55198646588933
0,7.19474881564446,-8.81325175052335,1.84756665667069,7.32000131028706,-6.68999287886052,-0.995702765265188,-4.47337275886257,10.5906686928485,-2.98339890876489,0.337692448505389,8.46720336632789,9.36939238925829,5.94261043074061
45,11.6835811149365,5.03153747227204,-3.81131091427256,5.3562164406132,-0.309368268973353,0.535834777954921,1.78658956072791,-0.0528166433671163,12.7143412090567,-0.455558509041549,3.88763269704498,5.226164839869,0.488689910693919
45,-0.654517621253274,2.78984240450756,-1.57097396202018,1.05318920717878,-5.73377982813689,-5.72517227160096,0.568871351800921,3.45967681834475,1.06833075299516,1.8274511279677,-16.2122793817415,-0.169015914531298,2.84851689143233
45,6.04614974667337,-1.05318920717877,4.39004464685034,NA,9.02272145978884,-3.79882890660207,-3.21159317693437,10.272485899932,0.755469422608279,-3.95758897755808,-22.526324593987,11.3617573797083,-1.94081740410829
45,12.6935643946685,-2.46613588517226,-1.10770707669184,8.06477054339988,-0.2044700224251,-1.90077183927228,-7.41703993971569,10.8643201758036,3.73549904956405,-3.18637507265767,-26.6153817813865,3.07244393234592,1.68031413365123
45,3.67260768741162,0.297501811156839,-6.55097005603684,-2.35309797886283,-1.22131116099556,-1.51324581643043,1.4643598315826,3.17210909490329,7.15578421585445,-10.8339509645104,-16.6328809731871,8.25079713631517,NA
45,-3.89105846563255,-4.25755149813625,5.53077915176963,1.33840107334688,4.05473973871854,-3.90258539465698,-10.8626498201523,4.74142478331274,0.730105374551277,0.392141455480903,-5.18656513256935,-46.5237045810082,4.2234060974969
45,-3.43601523127642,-7.33333986038943,-2.80805306253876,-5.76807992704465,10.9885900782485,NA,-7.63041172624086,0.66423638671184,4.04020401840422,-6.2519549219505,-14.2303103445298,NA,-6.30657166345646
45,-7.96922491267353,-4.03066300101518,-6.05733155636656,-5.81276302925145,-9.78934778435208,NA,-5.94714042040013,2.07038982247159,-38.5066353451705,-45.3885987057629,-15.4679925180054,-43.5017889758747,2.1630117853801
45,-5.38203025303155,NA,3.39295680988004,-6.51000294960061,2.90912786412791,7.14822036555274,-8.92569948667224,5.48675906065014,-50.1179108269512,NA,-21.393607207286,-40.4346067064964,-3.53698413295711
45,-9.98401174450681,-9.95572052764256,-1.36449636972467,-5.21445675972481,-53.442937548192,NA,-7.08891972115605,9.06850871588282,-60.8198107480676,-48.3618997949533,-2.88239504384016,-30.2339481653225,1.22832516302884
45,1.53588859229449,-2.5707192777946,-4.09722770113135,-7.26322005426887,-14.6635816455617,NA,NA,-3.9647497268286,-54.3546502002686,-25.7805393369544,-12.2631239952446,3.97911899762899,-0.635672387395185
45,-11.2516999534817,-4.61754627366172,5.81368772540758,-4.48971644563345,-0.985738002736046,2.85206382291821,NA,-9.47561386306826,-31.7217784728872,-41.7021573709413,-24.0994666954472,NA,0.785521533351205
45,-5.66303526760984,-10.5906686928485,-12.0670554558724,-8.95966352467174,-21.4118372306501,NA,NA,8.3681499960585,NA,-23.158656260516,-8.13730207452954,NA,-65.6104692787948
45,1.50185748093558,8.46513588341611,4.47106986165397,-11.8156684794795,NA,NA,-14.0556466101913,1.27276095886105,-50.412331598653,-53.9661888263438,-17.6806427358169,-5.90192480558629,-58.6315038795087
45,-6.22658290005436,NA,-7.80660261241459,-2.3543756419011,-10.1909657772533,-30.684516350563,-11.8191605319336,-1.82769631699197,NA,-34.4741159406743,-18.1916440951368,-39.1707041841159,NA
45,2.45278087237416,NA,-5.55051669897106,-7.24153156350981,-16.1378189502605,NA,-3.75946755123243,-3.97306692484408,-58.2237761026753,7.43603801280759,-5.32511059450982,-36.3094178802294,NA
45,NA,NA,2.72842210314,-7.95602046869209,NA,NA,-15.8085743601151,-13.971356984093,-56.9611569011112,NA,-8.1788027652537,-8.76758124455298,NA
45,-10.8747995716692,NA,3.98511820315127,-5.43915251871143,-4.88304124350072,-44.1710993121215,-3.10196626522078,-6.22081515572749,-26.2230021999565,-44.4531617905453,-1.6382184723019,NA,-48.365557650476
45,-21.6605456519351,NA,-3.37096805159687,-6.62489359067676,-7.20217438223868,NA,-9.97927718270944,1.0421865367686,-34.4741159406743,-36.9063175692204,-11.219362195551,-21.9255643596422,-51.8660875884882
45,-21.3498177331173,NA,-13.1424647732183,-11.0087821079093,-70.1148552463519,-36.0868522637885,-9.38643081778016,-1.35229678713628,-25.5053270562393,-45.5571004213872,-16.8724719707729,-49.3159092583012,-43.1448980440744
45,-2.03476095362207,NA,3.57889404338961,1.22975187272213,-6.71938593020705,6.54199951110745,-7.94437349386126,-11.6369319223983,-45.8472023839659,-53.3995151101149,-1.5266766378587,-41.3164843979775,NA
45,2.05637186290166,-16.7647169050684,-12.4996558480254,-10.321309451803,-10.257826342193,-37.6564372773738,-8.626094083131,-15.5721268651691,-21.000526211821,-58.3580489651826,-9.58293737027392,-34.5974218072442,NA
45,NA,-3.83449633223142,4.00596760734435,-9.81772177337145,-4.68530009758076,11.694010263206,-3.00889331025511,-0.148948293305319,1.33395797764999,-40.9860358873326,0.877566241573129,-48.997264358312,-48.5831399713055
45,-1.68657304184378,6.62603888681525,-9.95891960720373,-9.44288079842011,NA,-12.8846802812472,-13.7513864134111,-7.64389755906396,-45.1409175473337,-17.8091378648667,13.4213750910384,-37.4850292364113,-43.6565103867952
45,10.1628058899699,2.67734543722357,3.20808515507459,-2.47545541855895,-48.1057125443516,NA,-7.37842246439318,11.5250561458175,-30.282994532556,-61.4567797798029,12.5920071297673,-28.5942391855477,-34.1377199032113
45,-14.485817251502,0.467846101145169,5.95293759433045,-4.83256428829654,NA,-8.10475008611389,0.560315014443738,-12.4310081292834,NA,-62.9772797082373,-9.56361257083593,-36.7143564102717,-49.9420472406089
45,-51.9298877929214,-7.19474881564445,-5.59711382556759,-15.1520620719458,-15.2779051466611,-18.2694451487297,-11.5250561458174,2.24239894978313,-50.7593293445112,-45.8356054824779,0.803445406218691,-49.8173125383231,-44.513170983227
45,NA,5.51075169246092,-1.51900547191071,-7.0893480898742,NA,1.87210650978384,-1.87171858172071,-17.47632036909,-70.9205190189739,-72.4664211806254,-2.03031392752658,12.8299886503181,-47.2693913040325
45,NA,-14.2465878633233,-0.961054464011894,-9.39988982104256,-22.7718447379064,-8.2202626777989,-10.4491763734243,-7.24263199455567,-33.3664910312604,-39.1195662995063,-21.8267433540931,-35.8926937579889,NA
45,-52.2437494091663,-15.3255688968333,-7.30400598752406,0.0238931286486384,NA,5.54286082047102,NA,-13.7415306965642,-18.2112646971267,-49.5695615028275,-53.9838613277368,-39.4584323735319,NA
45,-47.1065076767648,NA,3.1352278519283,-2.26511898400466,NA,-6.20051133388367,-4.22409186037578,-4.08217907673597,-33.9621384668154,-59.7799277573568,3.77836261231628,-23.9821873018924,-39.2119386828954
45,NA,NA,-4.4429126422115,-5.34360015537119,NA,-3.6244580876651,-3.82243632050413,-15.34632586237,-35.3007330480004,-74.6638336829844,-7.84533684469607,-21.0810062641528,NA
45,-44.1716100813186,NA,-0.360657003590427,6.06908077772927,NA,NA,-1.95327400039003,NA,-45.6807369180837,-45.8960392358387,NA,-24.1345347621965,-45
45,NA,NA,-6.67337614920004,NA,NA,NA,-6.87160222862545,-3.03137272628074,-29.4471881259579,-39.8325630133939,NA,NA,NA
45,-54.8248690221853,-54.818255694814,-15.0403884608329,NA,NA,-0.363767235236536,-11.9368643233772,-15.455458593767,NA,-64.7526668943081,-3.97461319052844,-46.4844123920143,-48.5806394952878
45,NA,-49.5177056054902,1.43859820611837,NA,NA,-24.4874872646296,-16.4048325482254,-22.0251276337348,-28.938778748452,-46.7649918428701,0.947453339537885,-5.57160485867914,-47.1752021131435
45,-43.4060939545503,-55.7642535952376,-10.3373465732789,NA,NA,NA,2.04925720114807,-8.02688130293261,-33.4498109713964,-34.8379912194131,-0.684822588447262,NA,NA
45,-45.5772163515865,-46.6728886310165,-1.82261523428947,NA,NA,NA,-5.29515424112222,-1.37934309039233,NA,-49.6720739646267,-3.46360993108741,-54.0202292321938,-8.09285874158663
45,NA,NA,-11.408718698111,-36.4011303984011,-4.66083282372613,-7.27460130888151,-11.3172207463807,-7.6482321251948,-45,-47.1389378823398,-52.1746090815691,NA,-43.8295686814905
45,NA,-46.6125923193287,1.54418588562228,-52.3181579662051,-18.9834634619418,NA,6.78133178403824,-15.8737343998209,-21.0187259600228,-43.7999666118088,-11.3137270535594,-40.0902263722114,-0.820710259637113
45,NA,-46.3780163191807,9.88689155169254,-44.3192630819163,NA,NA,11.2302473251056,-20.21966292114,-45.6358579841074,-57.110540523544,5.41008039725624,-45.157495741668,-48.8684952317074
45,NA,NA,-14.9973279177718,NA,-14.5004941909224,NA,-10.4177623873196,-5.19442890773479,-49.8490019480845,-38.2871323405683,-23.3727390593779,-33.4078646313955,-43.0141378311911
45,-43.6806847774512,-48.1491283102821,-2.2423989497831,-53.1692405044174,-47.6275518298451,-11.6966700277471,3.20808515507459,-14.3561605685277,-42.1090448311009,-57.7148513654048,-10.2890246600747,-45.1024025388646,-56.8179251865228
45,-45.4888973503498,NA,-8.46556044367719,NA,NA,NA,-8.54327509641038,-7.45349568585857,-51.4933646548295,-45.4970402126432,0.0941456040480978,-48.4183030369686,NA
45,-35.2074251621303,-45.4995048740442,NA,NA,-50.2735557629693,0.752311541602655,NA,7.15578421585445,-35.7365762158471,-43.5623207582799,2.53769987536785,-38.7909530328075,-45.5851282929894
45,-47.8076935124405,-53.442937548192,NA,NA,-73.6635606470045,-27.969543265586,-4.12759744159037,0.385717096409683,NA,-40.5955324737791,-15.3027786580704,NA,13.5354998577951
45,-30.7553315023707,-45.3885987057629,13.8442677927136,NA,NA,NA,-14.0131737446453,-8.87103929163948,-55.2215734330387,-44.5649532808611,NA,-6.73760503578597,8.14871351022734
45,-48.5677243046915,NA,-9.12832169922493,-17.097155493815,-11.2613399859554,6.7571841328778,-6.77486325271047,-3.62488834859826,-33.4806040170227,-38.2871323405683,NA,-43.2002521530813,-42.7450938605634
45,-46.9292569526002,-45.8333608070554,-8.29547106141844,-40.3308176098032,NA,NA,-13.0066075562035,-9.72919841118024,7.96299639852608,-44.5069141649186,-57.4434157118441,-39.5609071578137,-38.5445138456201
45,-40.8259817131312,-0.410181947754626,-6.81518706881824,-24.5259281467253,NA,NA,NA,NA,-43.8251802426947,-50.0689516397497,NA,-46.3493945228018,-36.4002685870888
45,-45.7816232337185,-8.93439487472201,-1.25870922068729,NA,-30.042909774603,NA,NA,-4.88304124350072,-56.0764433909029,-38.9958816021644,NA,-17.6793292701608,NA
45,-54.3142413691491,-13.2317235010053,-9.74527898404541,NA,-28.0313940599464,-12.7717399419476,-6.70450196081209,-57.1846340741733,NA,-37.1053430769827,12.7301595265644,-52.170066726521,-49.5987906695928
45,-49.2471527150441,-52.2867422669414,-10.8643201758036,NA,NA,1.26498243853715,-7.5482619829232,-39.038075327598,-37.2270817126629,-35.4283239560719,NA,-40.9558569583297,-50.9693706983114
45,NA,NA,-20.3117896938171,NA,NA,0.635385268534891,-16.7400393448347,-26.5650769601697,-38.9227866075276,-36.8049064820549,-24.6796132098029,-50.8677431335516,-38.3710909430198
45,-55.586274232889,-13.3480560308286,-0.568871351800899,-33.9762174411872,-54.7847094339628,NA,13.6959603332563,-48.8718383039434,-40.2129792918892,-50.3590532540615,12.5432546087243,-40.4141891651966,-50.3897739303323
45,-42.3509680262729,-51.9092972738759,11.9883325273073,NA,-69.8263021841579,-42.8378174200695,NA,-27.4609170511666,-46.8991171094343,-50.8077579464568,NA,-3.35191246450371,-43.1694364555572
45,-54.4709952192637,-47.2901143417691,-7.44783432314165,NA,NA,NA,-16.4565396178349,-45.5102598752925,-45.3285533763044,2.12455568330179,6.23409576388789,-51.0331772098093,-43.3874076806713
45,NA,-43.6381432566177,-15.0550849467882,NA,NA,-26.0412993709463,NA,-46.8797921740762,NA,-37.0891283856679,-26.3333706343445,-28.0031262922401,-49.2471527150441
45,-31.1654207099948,NA,-2.88948490144121,NA,NA,5.64068381167917,-36.0772259603162,-54.3195594750439,-31.8781865065959,-54.9856312905461,-37.39095002532,-39.0605241747438,-42.719996942388
45,NA,NA,-3.66418432074071,6.44289058980254,NA,-28.7384460437571,NA,-0.648062139714775,-46.123801487502,-46.628243336703,-6.74266629023534,-50.3792487263746,NA
45,-51.2479224598986,-49.7197128875583,-2.18129476678947,-33.3793792909069,NA,NA,NA,-39.0680692161022,-44.1570521582305,-65.3872208999403,-13.0897276286895,-44.413000999283,13.94080022455
45,-47.5260494452075,NA,-2.83219947843035,10.7181040745928,-64.0404280043583,-52.7776734837695,-49.416434787257,-59.773764117364,NA,-34.1778294170667,NA,-46.021086161729,-47.8432450780482
45,NA,-55.18800875623,0.230102295097217,NA,-8.43580716975892,NA,-13.150022754799,NA,-60.1964921948854,-53.3185859932546,-6.23058694903241,NA,-42.0185387800178
45,NA,-51.4121242462215,-6.73760503578597,NA,-13.6161197317843,NA,NA,-15.3754612976442,NA,-43.7714030441234,2.01180690446018,-46.9508494998088,-44.8637927683575
45,NA,-52.922174092804,-0.90694405981843,-17.7382741918886,-21.4118372306501,NA,-14.6923133851961,-2.34239012601825,NA,-46.6939532019737,-19.6712366157402,-46.2403570558317,-43.1008828905656
45,-45.5038778923204,-47.9200707563652,-10.2053358786912,NA,NA,-17.5996062699186,-5.76807992704465,NA,-46.3239079942555,-35.2675812602562,-2.11849269031328,-28.4729410415718,-46.6573750397797
45,-45.6250203580951,-46.5939060454497,-7.53273863449072,NA,NA,NA,0.664558105974213,-31.8996699456085,-39.2207057210799,-43.1601871577231,NA,-53.6851069010493,-39.7890382121071
45,-40.7550653497348,-53.0893831368441,-4.71071707544395,-35.3586905477867,-20.6578954103659,NA,-5.37997559821774,-2.09928516037255,-38.0887612144089,-43.4630486469554,-10.9686253554305,-30.5282123549203,NA
45,-57.3248707107064,-49.0045289827098,0.202561607614412,-60.6249654421358,-10.9896497460387,NA,-14.1430796705911,-49.4522960349127,-48.1057125443516,-28.245092679543,-5.94714042040013,-6.29210610012747,-43.1181494532945
45,-48.4210592939954,-54.5272316100693,-12.1362795773741,-42.2475822300018,NA,NA,3.82234899546358,NA,-35.3897256322999,-27.3975912503826,-0.744496085461308,-44.6610820326581,-43.2956706747655
45,-49.1553187905524,-37.5564210802674,-8.33670359799401,-47.5606922871085,NA,NA,-4.79462115204203,14.5315140375413,-37.8464731151395,-34.1314746598313,-1.70616305905759,-30.5324490474889,-41.7440883866995
45,-42.9446882570114,-47.2673866954154,-1.53215035314166,-68.2487336351875,-3.59489548504221,-40.4546020672587,NA,-34.81199124377,-43.6804339802334,-51.3798498764139,0.346473215963472,-5.31380568573924,-40.8969306598828
45,1.86976962756426,-7.02355359724144,-1.21296422369243,10.7205811771445,-3.49995585560954,-16.8847008105556,NA,NA,-46.6245662941779,5.19442890773481,-4.88304124350072,-3.66216061683702,NA
45,-51.0362422937094,-44.8918581474012,-12.0133069179191,NA,-13.3784041670899,NA,NA,-4.83481351390971,NA,-40.0302366975781,NA,-48.5484239656572,-40.9400709599912
45,NA,-46.3027677897272,-12.5017817216914,-44.3852164398908,-32.0693432825968,-40.8752074902199,-7.0428191956867,-4.16648463881312,-47.6490319737271,-36.9351867691997,NA,-52.2157722984541,-37.6757451693665
45,NA,NA,-42.7885384677684,-51.6477366565345,NA,NA,NA,9.48467326733018,NA,-35.0038075247244,-23.1406099571147,-33.3253355451221,-57.6515517935467
45,-2.23117605538261,-40.3327849838987,0.442216324555816,-39.6854303672212,-3.6726076874116,-35.4833221452101,-3.4395219383923,NA,-47.0773498843715,-42.6287941934236,-44.0933261928793,-31.7534404836452,-43.6147795144159
45,-52.7786053560129,-49.7045612524431,-8.13730207452954,NA,-27.5702566232825,NA,11.9267759437503,-12.7610881032889,-42.7098856582309,-48.6726812915002,-34.7539152981795,-26.9841563578504,-41.9975333627795
45,-40.1257868411444,-54.114326034563,-19.8935539541342,NA,-24.4859733520915,NA,NA,-5.70579189471511,-51.0535642736237,-51.9437628524801,-20.9500515472178,-52.611117995439,-37.5388544823049
45,-42.4192810989142,-59.8205384282252,-13.723339397226,-41.5692391085795,-17.0384310666087,-35.7429102601344,3.97461319052846,-17.7585612573636,-38.120771082676,-38.5260332760943,NA,-47.0997916808725,4.60119064381508
45,-7.48637818118453,6.97601013052041,-19.0671576034076,-35.5750621759504,-14.0396842977315,NA,-47.6167911281143,NA,-48.8219807419223,-3.07115334773912,-57.1717853736277,-4.97972140384922,-44.8626449595029
45,-45.6743272401801,-51.5980211835023,-5.73400331685285,-33.500339541145,NA,NA,-34.9207964732384,-14.3261652682856,-49.0565894213646,-32.9925025173973,-42.8547031879471,-30.2406054591482,-33.4430196374588
45,-44.1985125055304,-56.909261500662,-8.73545035376289,-1.3092805609954,-20.5971904837853,-17.6037379276577,14.4921445159562,-10.0252084496606,-32.3864658394818,-49.3339304744591,-54.0543534960385,-46.2509605513353,NA
45,-49.7965950594061,-53.8398254963533,-18.890145458422,NA,-32.574082347986,-36.4393309457271,-29.5548193948738,-9.88120631524389,-39.7094707063123,-44.3311309097864,-61.9314971997571,NA,-42.4595747642763
45,-46.8551019559256,-45.3101532925152,-12.2434483871825,-19.3512057930589,-43.6381432566177,-55.5400332018175,-39.9740222289429,-2.48182768417737,-48.7053821363754,-43.9403824589833,NA,-20.9282633503145,-38.533864315254
45,-53.186494826034,-52.006839399242,-7.75665142974109,-47.3694414698269,-37.6211822549566,NA,-67.4238109021415,-21.5204394385688,NA,-49.1171630678505,4.82646089162675,-38.3238724473206,-51.6211573311975
45,NA,-44.1143475449076,-14.9053405413952,-45.626800616122,-70.5594583223992,-42.7840317587527,11.4011309512706,8.67163939358823,-44.4894163788873,-47.0890092653862,NA,NA,-41.1903197521664
45,-55.8082961365626,-56.9977640832407,-11.8003569490665,NA,NA,NA,-32.6003026319563,-25.6638277259179,-56.7392755851217,-38.7188815408373,-15.7945181890517,-38.8363461900679,-45.5102598752925
45,-56.8065134057949,-53.8218240575486,-4.57987266395677,NA,-47.0325158426654,6.25560252658205,-59.5791268255816,-9.2332000350781,-38.0750263686288,-48.9935331841704,-49.8775043218139,9.86933964144993,-7.0413993665148
45,-44.2025968546049,-58.1753102971199,-14.3561605685277,-26.3632109618869,-25.9403358261105,-38.2214499504665,-42.3724481701549,-21.3108898193417,-44.4961221076795,-53.0942327710446,-32.7696051108434,-34.6472858837123,-33.0644689875776
45,-58.59885382502,-63.7808396296848,-8.06024932841074,-32.617000487597,-57.1846340741733,-21.7329922577479,-63.0914878789715,6.34019174590992,-44.6862234486223,-52.1939818289708,-15.4894726831857,-46.0076778566511,NA
45,NA,-50.4049068203252,-4.78844637272895,-30.5552971273341,NA,-41.9637193132419,-61.681873108707,-9.45526556966619,-57.5966030750738,-39.0553771944732,-0.406846590630902,-45.6489863832565,-44.4243822228362
45,-39.3800919578665,-51.191547617232,-6.32956808022564,NA,-47.7091106562339,NA,-64.3027527453289,-16.0632475786177,NA,-45.766019955252,-5.2313225345652,NA,-46.1644113214731
45,-47.135741998057,NA,-25.1335235327071,-36.9868276914781,-54.2595241537694,-53.8127034440872,-62.1057441643008,-2.46877206456073,NA,-45.5934889870407,-32.3917816934772,-40.7832350004196,-41.7119248625082
45,-47.9009514397122,-41.4639730676116,-10.5609954207995,-19.2953391239958,-63.4413205856871,-44.8411097467314,-45.5468382094546,-16.623999899407,-44.1713471643109,-43.7648694475724,-47.3399667508497,-13.2114465129973,-45.6005705267728
45,-53.5238660411737,-50.3610541128486,5.7337798281369,-11.9304994541422,-51.3801849522935,NA,-64.804118583503,-22.7637774525383,-46.6928844231999,-50.7574604135245,-12.6788885234851,-37.9092394105399,-43.6769279799696
45,NA,-47.1445186187962,-8.37431616009443,-46.8825670191792,-64.5833146982961,-50.5000168735622,NA,-18.6583460061246,-41.5101878785543,-46.1968365374664,-23.5723345896985,-44.2021235909146,-33.3498479395592
45,NA,-48.061272534233,-4.36130000131642,NA,-56.4479753902622,NA,-57.9795058108222,-1.10377623566433,-51.0190270401935,-47.4181702700746,-43.9878924796289,-23.5031904059052,-47.2423377385532
45,-44.8918581474012,-45.825820017634,-12.5017817216914,NA,-59.0906147813966,-57.5959951482569,NA,-22.782970920341,-44.3820023534119,-39.3241773235073,-46.9216435702275,NA,-53.3769797732443
45,-48.8206883785407,-47.1742311587411,-13.5261549519416,-33.1391928585165,NA,3.605574314214,NA,7.04304242357093,NA,-57.1066071131128,-46.0159361034253,-39.1076126961086,NA
-45,NA,NA,-18.7836633390291,NA,NA,NA,NA,-2.95649679862265,NA,NA,NA,-11.0087821079093,NA
-45,NA,NA,-15.6594171546571,22.669841592449,NA,NA,NA,-4.45402806689245,-4.06370917720702,NA,14.7590572136752,NA,NA
-45,NA,48.2264982475468,-4.40013982624523,-27.5960851729944,40.4574406373321,69.8693938509883,NA,3.73549904956405,NA,NA,NA,29.5171311220244,NA
-45,45,38.0323328051605,0.396808816369299,33.4838927663514,NA,NA,-24.5128978956042,-4.22016983269952,NA,NA,NA,33.7478255433948,NA
-45,49.4671590613893,45.3452465931642,12.266416058312,41.9600027812288,45.8381214274535,-27.7216501911652,NA,-29.6172457773137,58.8716433933922,28.3668457206054,34.0308301169794,44.8958519663331,49.85436808477
-45,44.1521899341702,41.3965556883559,-17.378821161191,39.7772112302698,55.9422069994561,NA,34.0389336111216,-5.74283519712691,40.5863546211273,28.1896145673137,36.3257418620004,NA,52.5440149703125
-45,NA,49.324477670114,-1.64974352771365,54.6102743677001,41.798024012665,NA,40.9422099807757,-21.1035445775476,50.3622902001065,42.1963841482346,23.5723345896985,27.6827639841357,48.8140649139018
-45,NA,NA,-24.5997840487564,41.6765436173008,NA,-0.514163706416476,24.2191917463591,-17.2565724846968,52.0151245091832,47.4453535052082,NA,NA,43.5155876079857
NA,NA,-3.64621003388226,3.6456593031421,-0.0835343241976402,-2.6358174888573,12.1457972321262,-6.04759617978241,1.74020784083418,5.55051669897108,0.256836872520169,7.13561671166485,0.504801822581882,7.66504541118139
NA,NA,3.45793447948716,-12.4715269319506,-1.14487774621439,NA,-17.0714338701385,-9.24611274556325,0.511805534019513,20.4358248021042,4.69372979479296,-1.73417420463822,-9.70049681205952,0.512140953328716
NA,29.1553507693254,-8.35526528126295,-12.0796612699459,-6.24648990729712,-3.10764261353803,9.28554064504566,-6.62583901562061,6.44423857646641,15.5206204705465,3.43917561876309,-10.0941018502568,-2.41102113204581,5.85831608860887
NA,1.41719353790604,13.1733864697943,5.69294099143211,-0.397420432572261,-28.4480953874584,0.428400869288101,-5.74283519712691,-4.68965626240551,0.730105374551277,-4.54873737258612,18.1382271036638,0.76306136592195,2.09604070474316
NA,3.00081308862625,-11.2113348842077,-4.26186872040206,-7.63846687321118,NA,-11.4665737273566,0.423711526191665,0.648062139714784,-3.06001471057927,-0.803973963677658,0.740357121625796,0.373332430787586,5.65323273130058
NA,-14.3685107207477,-7.37749536056007,-0.309368268973353,-5.50410758284264,NA,0.934075744757527,-0.874763908621618,-8.23848145247969,2.79582014302707,-4.23343698427552,3.0966481883773,-7.00312401757111,4.42055729120266
NA,0.554954782623751,1.28541175400379,-2.49536686487514,-3.81685535750014,NA,1.57632803354651,-12.6373559465887,3.06975735382299,3.25595345141915,0.783727680567316,-2.56760352673097,-8.35962774971659,0.553108619492586
NA,NA,-5.40319815688727,6.91924069218344,-10.3677071016187,13.0036886240056,-10.3026443952917,-5.10477493793144,-3.02195955913276,10.4950498623637,-6.08028912609163,-7.14373192213444,-5.20006389304752,0.0592705124461333
NA,-3.33465632228147,-12.9352012592567,1.00086939584585,0.361583799764336,25.218997136589,0.593016357813401,-11.0249852802995,6.81439035132108,-3.93843247709751,-12.4418636101987,-1.84756665667067,-0.250988696458433,-1.16915545412037
NA,-0.829393362623459,-3.1171280261446,-7.57123897061466,-2.60405968980949,-33.9144168026491,-9.17795112060459,0.684737230828372,-2.63823334638391,-1.2821554349817,-4.07237735452038,-1.96198832324474,-5.60006945291973,-3.513282165411
NA,-1.64875967736959,0.598799998484365,-10.5609954207995,-1.05422054475373,NA,0.608752802504052,-8.16665532126427,-9.72415715493597,0.932147513560187,-0.622273752799576,-6.87352782920599,4.06856195217362,8.52154734458002
NA,-3.85272192916585,-1.41125597516962,5.14665133334896,-7.87998301093639,NA,-1.45192049212933,4.08217907673598,-9.83414518527114,7.86638628980346,-1.29168424462434,13.4588717455015,-12.4748514456161,13.1463386748687
NA,0.403724724206546,3.24972881863992,-8.43711069989665,3.32171277867383,20.7494090007681,0.273229175383058,-0.269476780369823,7.53800472921296,3.39295680988004,-0.416797736193022,-8.62350048611023,-3.89105846563255,-1.65704803651816
NA,3.18252156499541,2.34144237942473,-8.26666032061287,-7.05198163349986,NA,-5.98002942049884,-4.13514720192321,-1.79968991741938,3.09833843865747,-5.41738144852401,10.5117455937091,-8.35909254633643,4.44280123863169
NA,3.38810097144148,-7.86920359329401,-7.78897050146809,-3.56046162019693,NA,-8.05360358928266,-1.34923392742453,-7.53273863449072,-6.42350206765346,-10.7503872237432,-17.3449028906814,1.51618037659742,2.98933496935656
NA,1.10770707669186,-9.26815718645196,-4.63705640744317,-9.36595011376813,NA,1.25058486592069,5.28858203604599,-6.89326934821611,5.01610703035181,-4.00187856260963,-0.367415382698893,1.87171858172072,9.30206170895653
