rot,p1,p2,p3,p4,p5,p6,p7,p8,p9,p10,p11,p12,p13,p14,p15,p16,p17,p18,p19,p20,p21,p22,p23,p24
practice,7.74024615428842,0.325243764839679,15.429116780202,-4.73968783579626,29.1565152149483,-2.77816261816365,7.16358164556175,1.36531049656456,-0.14734491766917,3.96175980287753,0.179971831659473,-9.72070249576569,4.14609934979182,3.0570873577885,-2.6822392729883,5.42258820872928,3.45885728345446,-5.00507533366314,1.98149048445148,21.4367524213823,24.7435650220255,-3.61699416290581,-5.56961118307223,0.933911542978957
practice,8.50328679440176,-10.5540961133016,-12.3185478229754,7.26989770490279,14.207519401198,-0.81795134971738,8.22372589307973,1.58059309510181,3.31781378587168,0.542523405769786,-6.32416916926419,6.00506677168894,2.93460670649646,-147.965392150982,-5.33647956016529,7.32267885837121,-4.59087213587208,8.08594289492487,-0.985312465424165,9.45883663139365,2.38491108412871,0.246257516116315,-4.03161209367375,4.40045406687392
practice,4.52323051022946,9.0431341639744,11.5411427165456,0.923901498504556,-154.588004537544,-1.30692940614303,11.6275974415904,2.52786400535446,8.67985830521896,2.07918376116882,5.39221777306345,7.69107879616784,7.47197532566428,8.66031961844561,2.62379511984933,0.556011398542597,1.7662201718631,1.29656293659565,7.32210361093044,0.711726417918816,-0.0140459187991236,0.392334741977751,-1.74638716177435,-10.8181730471378
practice,7.50152180891372,-13.4488799459312,2.96972984463567,-0.901184777463734,16.4411696169735,6.34349817936087,2.39644540464012,-2.78702572381014,1.53429171373177,-8.18508282610773,7.01263877195176,12.1538123914869,2.77067246305804,9.80991558926692,13.5429153898356,-0.159093566919049,-4.10278520329437,-8.08389882729636,8.61746305044209,-5.17222211502941,1.41857931782009,-8.59215092891258,7.31123069671922,-3.07029120107225
practice,7.43138494803081,-5.27665492396129,8.94214130287038,3.60343200800087,19.6504964197927,-3.45029735301971,2.99686787428521,-5.22924026817014,9.00241968786664,-7.79075389784758,-8.81919149498787,2.61213969982109,4.66271602308073,9.10088543321519,-0.482963547707916,-0.847876505445575,17.9268572672815,-0.614855752905585,2.64545579289477,5.32871014012355,5.00463313512485,-3.70678021975189,-5.96250080684476,-3.17903186840875
practice,9.16530244441875,-7.93777793322811,3.08356521274302,-2.22415715493598,6.48814872222164,5.39189632429071,7.42555941777435,2.75209242577882,5.05980599532169,-2.23734520378592,1.9028861744324,0.983140379457738,2.22305669589423,13.6829635680839,0.40463895469802,8.12732649438287,-0.24625751611631,-1.96673294343933,-2.95214678546239,-1.66740583394507,8.98102589963447,-3.05417078746254,-0.562597472406341,-2.50360346722503
practice,2.89476224000917,-8.45062481414233,9.81183020270431,2.14713121044686,-10.1380894405289,1.91490109960354,9.8326330371806,3.37699346875705,1.19828517753894,-6.65652327459949,2.94003253805719,-1.39746718628361,5.71341043927209,8.5541762430782,-1.36904195369722,-2.30387272900656,-2.48423880374765,-2.5755227894806,14.9921936589066,3.4489704775854,6.88135364566059,16.3897368171093,-2.09203892103446,-8.44800360344549
practice,-0.781567134115312,-2.49773974749122,5.52941442378405,1.49226044087463,12.2265562570954,4.14808753549629,3.99291145751442,-7.69085087055271,11.3041273598038,11.7107217728758,-4.18036809589668,-1.50271117411958,-3.81119025307466,7.50964718363702,8.25828396757706,0.823376162128691,2.59951093010509,-6.8453950983993,-0.265160891136652,-5.38606967517948,1.70729414580603,-11.1817414178438,6.22886566670014,4.51853878001782
practice,1.50202697641255,3.76096505312526,3.73409785533804,11.8427801787177,9.71412152605654,-1.78849631045084,3.04844868471028,-1.55738956925939,5.68790303498048,0.27217768501675,-0.241834620444082,0.632748548030717,3.02675668621254,16.8612777416004,4.1735794226295,5.87303526891491,-1.91704826517848,-1.30692940614303,2.17564260156659,4.02498155340486,0.837406765659545,-8.32583529847328,1.73558997780224,-3.16659591837302
practice,1.98618851931288,2.74478005147806,-3.09992869203581,0.949543914037178,12.4004890698949,-15.1930026093982,9.16598140835698,3.32325979026096,4.0193959829773,-4.02159355656861,1.79822451811786,-2.17279752012187,0.0534278556801201,7.56582255061238,6.13550363027533,4.38015931189974,1.47068560127932,0.616530426340357,-5.0287145312688,0.874973166037133,5.86711902681292,2.15838972482152,8.21944204645244,2.23320190683675
practice,-0.0973066493805595,1.46404946589678,5.94510101898048,-0.808057593351207,-3.38744493978456,8.02124385156048,19.5563867494257,6.89154752792502,11.8586537235033,3.13377589582948,-4.40013046597181,0.976282711871704,-5.17404506587909,-0.683950952430491,3.96890113128926,8.04995407102653,4.98460517823676,-11.7917703954618,-5.67664744685405,1.68004785927628,-2.71155362727105,4.11743337918316,-5.90618036905344,-6.10056659524247
practice,-3.78619580510445,3.80027080179706,0.518228014334931,7.27593087572834,-1.11538660475819,5.22372035748352,10.9784064434314,2.32743041938045,-15.1002888956148,-3.77866142812606,4.14768327496878,3.55680426883673,-1.93235681778971,0.637233717066141,4.54378315766316,0.0815856642183957,-1.59946669544721,-7.44718335663286,11.2422801601115,2.35224159432078,8.20354487371552,74.0777473088099,6.23091025383287,-2.12688490401802
practice,-2.44292796999508,-6.61040541691038,-6.47891383827098,1.58059309510181,-2.84667825876898,0.693926457369803,4.55362244478827,6.77103737779556,4.55191448651936,-1.1924617143611,-3.44176851275328,0.303465461347988,3.02939245740757,-1.05710941019747,7.84647321596347,10.4184778033325,0.387258196146328,-0.440124364823119,7.19063173102665,-2.04512784343768,-1.975990464962,-1.77551117698138,-7.00589678071752,8.86849244999205
practice,10.6863750726577,-2.00796480680923,-2.91536405598288,-1.15670884418273,6.43675242138228,8.19894553509636,10.3754301399871,2.36133692969257,5.8495165072939,2.34013343102343,4.19162528822979,6.55021754798957,-5.5707630205353,2.86157060812565,3.70935005919509,1.66470190315425,-2.58448498001779,-1.32302492882809,-4.94925288648827,-1.86053295131372,-3.4728212579518,36.219861047715,9.48843440067587,-0.642040631418167
practice,-4.02077273458033,5.5392292654231,6.23926709662322,-9.71648587077036,5.70492815013073,-1.05420115954598,10.1781058166911,8.94290584288126,9.43908586680982,-4.81765051163401,-4.41413069769994,-4.50530661358677,2.45719051059473,-2.14082082809098,-3.77318970950416,-3.05682928906257,1.03884400134989,2.64168413920136,9.57186696788398,6.86432761260481,6.14464651834211,56.873055183513,-3.37307683188856,2.95471515402941
practice,1.35697211085766,-11.3903972061773,6.27089186207776,-0.480854211856039,8.50086939584585,3.09992869203583,4.30835590486322,2.8043878723076,-2.52860988941604,-4.31201193582636,-0.17678560768231,-6.98037737408042,-5.41138374408827,3.23399336489887,5.59739551760961,7.77077611719945,-0.376403320944383,-2.86868095454481,-2.58061799478265,1.53429171373177,17.6454557928948,3.68619947356585,4.70764467326367,-58.3352980968458
baseline,5.49404129605793,7.46720363254164,-13.2982088277675,2.23160663849944,-0.559987806936608,0.156437277373854,8.87744157352491,1.72288675435116,3.93098286442228,-0.719366145629906,1.01463072250466,-2.56008245472338,-5.0287145312688,6.79136457956433,-6.85397477765457,0.538725333966803,-2.07895848497399,-1.19574644248662,-5.23488101599533,4.0524805522873,113.160059843319,-0.529840581503616,-2.64848561585844,0.0259362769421603
baseline,-0.868984198882612,6.00825956462729,3.92953424850373,0.216130555309435,6.74938360075016,8.357558859794,8.73192883929643,4.34534902940988,5.22099179260051,-0.538279577826568,-0.600472144702547,-0.560438570935492,-1.55285957959986,1.25701818310608,-0.774281941177009,-0.244476149284911,-0.264727442917314,3.55680426883673,12.2988763545249,7.74662252693803,-4.86176665361609,25.739816018768,-1.59821446747589,2.92403824084401
baseline,6.37977545088198,2.44666696522896,2.71795010841314,-0.0993193197750289,-3.02675668621252,-17.5162757093881,5.36678078897776,10.9740943718512,3.6113285384064,5.46255159444943,-0.106242434820845,1.14577209181118,2.26181284836393,5.39896464209025,6.85193786028522,9.96613588517226,-0.476454774201868,7.20648263977796,-6.44345228794997,1.31644930638701,-3.85437264021515,-5.101337017835,-3.93007455305429,3.8073943867353
baseline,2.26009081573605,6.61627406534525,-4.39044447946366,0.0554413318019836,8.74317644368092,2.73925733236705,11.6527876993968,4.14808753549629,7.09657552549419,-3.87326871268264,-4.36797589580247,-7.97974330335844,1.9336307575563,-0.373326814743788,-0.972481979984552,1.21877870133138,7.55193861049661,-2.14993226974958,-1.71716596937307,1.24353684889871,4.17189384448023,-7.65689316643662,5.80678614831606,-5.80678614831605
baseline,1.25487800692168,1.26121934000865,-5.2218281134201,-7.98274571127577,-4.37788622829575,-2.04828639873934,4.46123201932482,-4.05792161938571,3.97720963293823,11.1682422795336,-3.64377613436326,-2.57635609237854,-18.6406325051538,8.14227301143251,-1.43336288459001,3.76915538656574,2.34013343102343,-3.58364498847531,9.66743394042695,3.26222376831814,0.902454019428068,13.247651512698,3.04568128508687,3.35832466800463
baseline,0.686512252452167,-6.30843931185725,9.63997350575238,-8.19872297804391,3.16812927598842,1.05967106381733,-3.31337836771197,7.8013309217066,10.283795072362,-4.78411234751219,-3.20070633897443,-0.639126233507955,-76.0388440013499,2.81766950193767,5.64696872903906,4.69759250435327,2.2254024301287,-1.2659042361121,1.11835741784709,4.57912482925891,3.34681440469109,-10.8109237291216,4.99214695729681,3.62049615674389
baseline,-0.640996916771637,-1.56464816829979,2.13439653371681,-4.52801437416343,4.08284089388439,-0.977738006077288,3.08829202192431,3.29771045174646,-2.33110580199098,-6.04962658537352,1.70258159731258,2.2560458564221,-4.18780845148277,-5.38261952032588,8.54077535484779,-0.080588689906733,5.19008441073308,-2.23959237304493,12.6394256770932,4.17359883841854,10.9418558838349,35.7586006936523,-5.62471780662867,5.67464777896725
baseline,2.74539789890664,5.3582445375716,2.19576606666787,2.81497868804794,2.09297915519761,24.5525031229053,10.8071895686216,-0.25407093795892,5.65043043182591,8.04110426508687,-3.93519901452488,0.305251184355542,-7.04194632776862,0.0612397919324955,-0.0124690649888934,9.35651679703583,-3.85437264021515,8.84105152293991,-3.85751556133176,7.03215389885483,-10.9651971973334,-7.17731554457075,-6.00453643962184,1.32145575880707
baseline,5.13947957477987,7.57444058222565,-4.65052543932277,-5.40109048343208,4.80539620541593,-5.72463520025437,10.9201746892484,2.39921782982553,9.90989783850888,1.22073035523678,-7.15367413762997,-1.63915315851284,-24.2306047257085,2.93967943673554,10.138089440529,0.0561045402625393,-1.51692456297114,0.561099379024152,10.5615229897443,9.73891189671114,-5.70168698283138,39.455330144134,1.06584849161312,5.50273925677776
baseline,1.77894001049077,-0.399746663225382,1.63900526950534,-0.857984425002129,1.44921776983869,6.81548364943698,-0.618344711868362,3.5846069346756,4.94925288648828,0.819165600970085,-1.01512585102084,0.357027201836971,-99.1742474057582,-2.26363828853118,3.38143500555669,-1.91998622996,-3.01709907996593,4.1583362419539,1.62430185409214,-5.42258820872928,-3.51032063106636,11.688991191994,0.00495736207993476,5.31142909879837
baseline,5.98922133323613,-0.777351107629913,1.30957335553767,3.23839083935989,5.90294160248298,15.4085977137062,1.79779793652697,0.256927545506113,6.19738310345467,-4.90728347386004,-6.68346384226572,3.89441211153603,-61.0666109470115,0.67307415842217,3.59741460534301,7.45888497473931,-4.30601176154495,-1.77482772839903,7.03994149089765,0.081216324789969,4.40815001673219,-16.7525436233111,-5.60153525017631,4.97904347368574
baseline,4.5613356063506,-5.08191765806669,-1.71279508140707,-5.51502364929214,-7.67859006111385,-1.87443033428918,15.7657979238844,0.025324932382143,8.65532899623332,0.179971831659473,-8.63100466695164,0.448005928101285,-8.3770536186839,-2.79828636426738,-0.0336514566049092,7.43417744938764,1.92531282944407,6.19463181238551,-6.78560013588501,2.4891380287203,-10.2785045092585,39.5650338423407,-4.37788622829575,6.39492048965802
baseline,6.0136815964115,-12.0799959218521,-3.36412210792958,-2.34284969487721,3.48695076057609,-1.84853782365072,10.2037835259427,-0.282655144474616,7.6773211416288,-0.113821343094909,-5.92099913826163,-4.29739145531505,-19.0111934896017,1.71523093904265,3.72163738768372,-0.131509380098149,0.025324932382143,-4.55965592135277,-4.79187090946224,3.04022969781228,-2.42669785420322,6.79364896271277,0.283250574453532,1.26031466726294
baseline,-1.61552624964284,-5.38606967517948,-2.40125310621943,-2.23734520378592,6.80535895190242,15.3755245597834,3.41539835105451,4.634757830395,-0.112626770087023,5.93980257175553,-2.50070370562234,2.95214678546241,-69.1644671599808,1.33967198443915,-2.78451277400981,4.83136198894259,2.32887053183081,1.17104156479495,7.44779121794741,6.37876161206896,1.40825723295611,32.1880265247945,-1.22228502594759,-1.95187123276737
baseline,-1.42278660752761,2.77841322198782,7.99600199618853,0.19220251489534,4.27549341846533,1.8571434801008,10.6346702534492,9.55859126661542,1.67487636848928,2.81347558098435,-2.85243980497917,-2.68145217702463,-27.6349980799551,1.68178724994647,5.03752962815572,1.58039199587579,-2.06891137615126,-1.51950834233501,8.42181918222646,3.31720292838556,6.1235738335303,71.8167121012478,1.85931618832083,8.65852501122056
baseline,1.6732702699708,10.4231485283989,1.35296815257806,8.18903816433324,4.8959403101905,-0.0245392045220194,2.12446118897989,3.75045237791358,7.74999532572067,3.59426206972597,-11.6679586452533,3.95524460752875,-111.380479688312,5.87076794895488,-6.81727250960586,6.31756314122936,0.288970501468096,0.467790489122907,3.31231756373932,1.90708839397999,-7.3638212818388,-17.3464769457193,1.56398252188408,2.36500192004493
baseline,3.907582940557,-2.49185340367866,5.15178919260703,-10.2649272727947,8.14227301143251,3.30644549031113,-4.77601621964005,2.72368014838918,4.93070291260479,3.79752662771364,-7.94871662532228,0.0339267986774883,2.67353910837325,6.71635806677949,1.1146438543453,10.2731088813695,7.16135934369966,3.38202022478415,-0.469224912673536,-6.1269153660992,4.6463624981966,11.6965340381205,-6.43498744614444,0.017411273654627
baseline,1.15011157442195,4.30835590486322,5.57474861088745,-2.01045339386172,-0.92944416427577,1.87541453541034,4.23248339190691,2.81545411304325,-3.30346596187947,5.80221878860602,-1.07286883503701,0.421853609682478,-2.38672586293619,6.22548669642943,5.95202288833169,7.32992051834829,1.54535049722941,5.06817964580063,-4.08442006302156,6.47774285497944,3.3939358975436,-2.94944426286327,1.51003678878092,2.20049681205953
baseline,3.0570873577885,9.42009037059609,-1.91490109960354,-1.84676726869941,0.0808956812171671,-5.66178158217484,2.2790640050615,1.84531840255398,1.03081684521958,-3.8050877228202,0.26906147505355,4.51001996700379,-4.17416033833432,1.00209941211149,1.64701583876743,5.38207683322546,0.588655985762761,2.1964946839903,9.21441663708759,-1.53603723075063,2.74539789890664,5.55790785674785,2.06635811633984,-2.66769507936711
baseline,-1.33153376910877,-4.86419390171029,-2.43259866827213,5.03386411482774,9.34908294915124,1.92588822344731,8.81798689759714,4.31014299656932,6.46104258515777,-1.65996230997128,-3.41348094870311,-3.01709907996593,1.03386431525406,0.635325794770964,-0.27767348376948,-3.21823790377715,0.168634278157071,6.90477114671058,4.04750969184581,1.48635066532853,8.63574598960911,10.7880751374918,4.95206308077967,-1.24907671390565
rotation,-16.7794547649188,3.01353430116381,-0.865608440008765,-9.85586445642545,-2.13428952094881,5.11319260667326,-6.90764650026184,5.14341712470896,4.18396567567925,-9.35303127096094,-2.29007155752857,-3.90408344394568,6.2833909777225,-0.832747601553635,-65.3916652823704,0.494470080848587,-2.67675983770202,-0.421926669970597,5.71135514736632,-3.10761523972349,-0.146906074704773,-12.2154872259902,-10.0589293945765,-5.43251742322978
rotation,-4.09871262885653,3.98356605035314,-4.12062070909311,-5.03603001863332,-2.0640317754306,-4.71591817955762,-9.0228848367185,-4.2314509973143,8.74251478179535,0.579492751274263,-0.939819066581579,-6.4214905064228,-1.56850871588282,2.4757771044745,-13.3402806208695,-32.0442099303302,-0.306602612414594,-0.414461695389316,-12.8874654465776,4.0194188072126,-20.7985371020781,-38.3292975702413,2.31825569481404,7.1391420686359
rotation,172.17643592407,-5.23851808175837,1.17262043753986,-9.35303127096094,-12.5392995283749,-6.65999909788951,6.18714682755738,0.911442849524525,1.35768696219808,2.75782634219306,-2.77434688179708,-5.7002521530813,-7.62388635820183,-3.39456589864414,178.631650469321,-23.3689759134845,-10.1841602081996,-4.29323849592668,-14.4490974599126,0.604276036322616,5.77482813825556,38.3446492306747,-1.44478491215145,-9.21001705489598
rotation,179.630997456975,4.11907829874837,-7.8824737986086,-3.60960279382272,-0.216318891590388,-4.02498155340484,2.02768534544239,-7.34350164726205,8.30232024906856,-15.2071673392939,-2.899851327417,-9.06138195336038,-28.8564376588924,-0.286239958907011,-4.00405363304448,-43.1639687348638,-4.49756948410548,-0.863236784779237,-6.48789247962884,1.33634619006791,-3.68619947356584,65.8679834400164,-6.98061700563948,1.71592241127116
rotation,-41.0101695633352,-14.1565152149483,-7.8330345763799,-14.7581653795559,-35.429276592043,-114.518248115225,-34.4047209381586,1.31914202260642,1.90042010142685,-5.11902054603746,-6.79136457956432,-3.44007095999123,-8.6677901969962,-6.91405710507511,-7.85803587218679,-49.8381352084158,70.1389334926874,-9.93417433452659,-12.7846148362735,1.56262122673276,0.252689004354885,-17.8806766182073,0.0120900390288207,3.43143804782638
rotation,-60.4110802788439,13.8528964642195,-6.98581725150198,-17.5524000658895,-39.2618060613273,-5.50068799685324,10.1037554027523,0.425882429225035,7.27818151221603,-10.7237859724299,-15.8038751411747,-3.62427597302507,72.7401754529363,-5.56070226639923,-22.7787584365602,-30.7609840929638,5.12393922701118,-12.0728565258194,-14.9585876635946,-9.01132203729049,-0.929560545338544,-12.1393763014564,-3.87849084680166,0.825645324974418
rotation,154.558055562668,-11.2521335576059,-3.19263125169446,-6.65999909788951,-45.6305813687555,-16.9018650450838,-5.02735965068164,2.03836849528171,-2.09657538385652,-6.67466495082019,-7.36902257383185,-6.60033196603942,0.832747601553644,5.65805227449965,-1.11317696222344,-42.1543625939909,-8.62988074617051,-11.4540366701746,-17.3514724972658,-9.68857952234989,10.1588504084734,47.1495819093776,9.1320165599836,-6.24639541812931
rotation,-66.4092583434629,6.19071943900459,1.16859802224137,-18.6264290036804,-54.9833690802344,140.928368216171,-0.323784018334181,-0.385414486146211,2.79342680780487,-6.05467556175757,28.9041591318117,-26.9200103206485,141.746587863323,-8.18294567496757,0.0814638201737918,-58.0123703579276,-2.03023024354842,-2.90011918875725,-0.10028889561477,-8.99650974876516,1.74456470419564,38.5287902656442,-3.14831472578597,-5.68917972905387
rotation,-45.1923197921428,5.76868389056909,-12.6568643582983,-20.3918963242907,-43.6025302028667,-8.19296853278281,-6.77627410692027,-5.36492418512972,1.76192753838947,1.31503573242159,-7.86924410872571,0.632748548030717,114.372106509784,5.41480600697144,0.282655144474624,-42.0638859588749,-1.23647632760922,-17.6909616486119,-15.3428163963283,-9.60054377023725,-7.38889010215819,26.1423596938248,0.0403255329594081,-33.3869100424385
rotation,-57.0247479123016,-22.1393429964096,-7.21894798165526,-15.5871609830036,-51.925972728741,178.095153277241,4.4001557148618,-5.42284309272929,0.497510467439111,-4.67901879612295,-10.5298680650233,-4.83136198894258,-46.8228324905316,2.06738629884766,-8.09522885328943,-48.4240273809296,-9.49931200314675,-8.8247306423689,-10.547346260105,0.454475923263889,-1.975990464962,-35.1248652769797,0.965623280629198,-0.590917621518312
rotation,-33.8620247148454,-5.74725132954305,-14.7094824215097,-14.6638145499222,-47.8640241813259,-6.98581725150198,19.1702376899169,1.15313589741296,4.23248339190691,-9.10889188897086,-12.2377749654243,-7.96799251800542,-7.4534461108628,-12.8864870512888,-9.7306895446056,-38.3080089591487,-13.2130817395807,-18.1226295358134,-5.41897900594374,-8.11506166821114,-5.37335971486944,68.5063116406792,-7.15314998354853,-3.97295390924506
rotation,-42.605443353462,33.9986789686953,-8.14224200585001,-13.2264251057425,-55.283795072362,-43.6302990896576,-34.1217629461415,-7.99098266029433,-7.34663785901413,-1.87653315497186,-81.3434971638164,-5.1139804781039,-29.478041441009,-13.9180772653119,-8.13538526853488,-39.5626846771477,-11.7695183323958,-12.4280212173269,-13.1300775169281,0.130235940063062,-6.63672713354576,-15.985393862335,0.0180273644474691,-0.0476326653402476
rotation,-30.6759308767287,-15.9955447314258,-13.1348246255758,-16.6336081083858,-31.5626212267327,-2.45203781340122,-34.8550407838065,-0.480854211856039,7.86213604173438,-13.1532327313006,-10.3994781275905,-11.3874160396916,-66.8520083929112,-1.56262122673275,-18.8986775993517,-48.3625731639073,1.15603590609359,-11.0211175938943,-5.93883554303567,-0.929000740726659,-1.95732050663449,56.7117099523192,5.22639219895937,-10.6056810632734
rotation,-37.4239133610804,56.6756675644674,-4.18182695286218,-15.9206238740194,-24.9720265934466,-158.266656700069,-7.95555850904155,-4.77221196088112,-3.4842484876957,25.8333680658466,-5.66588108042777,-11.7234060974969,-24.0429911465415,-8.91170598539204,-26.5459658033509,-43.318099620955,-13.0253823900936,-6.11639312131789,-3.61542964416866,-3.32197398571425,-5.27180502778549,-41.4926194517726,-8.37346244400096,-6.98037737408042
rotation,-58.7635236723907,-13.2030259746447,-14.1031571508763,-19.1878084514828,-39.6888664924724,8.24652459527784,-30.7653175415717,-0.15342058620234,16.7386700296927,9.55637186290166,-13.4203348749524,5.75155482495813,-18.6548322025834,-10.9302100374515,-26.0538309974846,-38.8894999561927,-12.9826497881873,-13.8725459329498,-21.6183246750963,-17.7873147675069,4.27839297036246,20.1658673270807,3.95311905986043,1.46137147913225
rotation,-43.0056215762095,17.3355736361715,0.931716334614553,-12.7966962235203,-39.6971322010409,-25.7311380546514,-75.4155139981769,-1.67084492879671,0.344215784145553,-7.49948187969714,0.362758297094699,-5.39509643249114,-37.3906278043164,-17.1980498534968,-5.27542630933475,-49.5329012827688,-10.8179007941409,-25.2700608464215,-23.3214415279501,0.0712441951941719,-2.24664781291306,-17.0679623225591,-0.0386575023530369,-1.77907394026559
rotation,-85.7176477472151,-35.5527130818232,-16.65678022275,2.12762761089456,-35.1850825584523,-1.33153376910877,3.73797241341058,-11.6130899575615,-4.11189902855851,8.30060855522169,-14.5561347918783,-9.83996675084973,-45.6062191196442,-15.8290928903512,-18.1790318684088,-29.7190598776008,-29.7414119680656,-28.9676548219676,-18.54059900219,-10.2091106562339,-3.18424887019896,11.0695545485519,2.42669785420322,2.5240830817527
rotation,-105.115148146752,-14.9585876635946,-6.74171603242293,-16.6647019031542,-28.0560178755963,131.71983479441,-38.0371998035941,-2.97628246024303,9.80136240546928,-9.2865895607279,-8.50648243152954,0.0761548956890913,-33.8727357667187,-2.07391684268422,-19.5142753867935,-49.3382761674331,-24.3804470904387,-9.66514754347504,-15.4012357944245,-11.0578481599997,7.27115262236838,4.84124802582872,-2.50704145612557,-5.83596147198185
rotation,-7.41823697274972,16.9408036785527,1.33148649985421,-13.0571192015799,-21.7581822000504,6.0356401684174,-56.904926489045,-7.66049611816261,-2.62996423957912,3.48312799368,-7.53279636745837,-4.30835590486321,-41.9102214858551,-7.2841919583412,0.258468436490184,-37.4384640202585,-42.6237993256246,-34.1864424197308,2.88143537666798,-6.56643841039544,-35.2325723874497,44.1185172535329,1.50202697641255,-7.29133946820318
rotation,-52.2859663410002,19.0640434812907,-14.8436219865502,-17.5941018502568,-39.9326490737221,-171.479561175793,15.0844906858714,-7.09315340936908,-0.579107601122144,-17.9972540352515,-4.72689111863055,-16.9756138630683,-8.49966329555832,-9.78201649384594,-4.91783958668283,-39.571866967884,-28.937070606851,-39.4129855891235,-14.8206887764303,-17.0448867510934,-57.3168627428795,-52.029103314521,-22.4429416131337,15.5554600869012
rotation,-43.6615334316224,6.32780150523764,-22.1205751278412,-11.673365886656,-46.1263976993601,167.957413344738,80.8516472401994,-30.766306546374,-3.59724351993761,-11.7328450158026,-14.4946342796393,-0.980254289118778,-5.75155482495813,-1.06757869010402,-4.66271602308073,-40.7996650926967,-12.5095301004758,-49.1093328150677,-22.9459973693329,7.00589678071752,-83.723085980924,55.6620914668583,3.49277386521242,-3.94384820552896
rotation,-127.567149631346,-20.7254549313442,-14.5598458806496,-10.9395219383923,-44.2064735573213,-5.12726858946603,-55.2982992069292,-7.11303803966701,-0.31821624900553,0.347673382301986,-15.0327444678855,-14.9585876635946,-30.114711942031,-18.2315695536154,-10.9705604024959,-42.8874654465776,-31.8775353170759,-33.7485143986662,-6.09474763769569,-22.9580536722314,-5.60126560713505,-4.10278520329437,0.860394482902987,3.10363435257758
rotation,-20.6784930182688,-8.39916095178615,-21.6428252629564,-17.3317996210351,-32.2272165998201,-8.40310081882623,-25.534464431109,-13.6278404030567,-3.74144212604071,-3.54129937094632,-11.6798943083489,-17.6178627524495,-17.4571735643227,-13.2473685075717,-33.270460182409,-37.0845610097524,-32.5859310984961,-18.0060566431559,-17.0458706647468,-20.4333772135513,-33.7386456221982,-19.4709696021236,7.0263022253473,0.564165869385878
rotation,-43.6685135001458,166.364025221216,-19.5814824071241,-20.6574536946731,-44.3530382045285,147.158299591939,102.362332522054,-14.9026052518146,-4.16645638452792,5.47641619817873,-5.50273925677775,-4.26334547991159,-70.1380894405289,-0.675930876728665,-11.8044306721963,-27.7395436854292,-27.9719643503033,-49.1190782987484,-30.6672999326233,-10.0078530427032,1.34102991139888,17.7929855132867,-12.5121266667859,-4.59565130784551
rotation,-50.2766549239613,-3.52172748496698,-5.81517089041781,-9.95922521891315,-44.5987642055755,-3.52391387782414,-89.0350399661988,-5.69271529126052,-6.05467556175757,-0.931225252132098,0.949029943963156,-21.1623638514917,-11.3910584656325,-9.67024888720988,-14.3623295129032,-40.2289606967034,-23.822759447905,-66.9881944659805,-5.2530172330149,-18.0402296978123,-5.48333933830981,-29.4395614290645,-0.604276036322597,13.3609947304947
rotation,-21.5556466101913,-17.843011959296,-15.9940680784141,-31.4756090462746,-40.9210592939954,-6.85970328051677,-19.770287277288,-14.1572763059235,-15.3057417092994,21.0840017247063,1.96288996779373,-6.95356293235057,-42.8329804387182,-24.4218187003046,-7.34310683356339,-39.3989138704271,-15.9844411003863,-39.6419355064445,-17.9164438089541,-66.5930559401816,-49.0828408938844,31.9053880144,5.39896464209025,-38.5131920817328
rotation,-49.6105150985588,NA,-28.6930691478073,-4.42412554937682,-36.384735228123,-20.6448980440744,71.1405518120809,-10.1701987764779,-26.7576585079803,-15.1922025148953,-3.88130190149079,-27.0934690135382,-16.9272388086351,-4.18396567567924,-10.4208751707411,-38.1827274903941,-0.28325057445352,-59.0493011063979,-16.5425079163538,-36.3295686814905,-65.1594152140958,3.62100984786467,-0.00278450501978488,7.44778987443669
rotation,-60.3250220503116,-15.8979459455366,-6.97679368236192,-24.5509172099572,-55.0894441524249,-7.67789638906957,-53.6163822099074,-5.53678995164561,-2.28471223480428,-12.0766503998125,-13.9790294687889,-6.55128209735079,-22.9034375631785,-1.9699929216481,-42.139878344712,-37.5,-41.1783002388396,-37.6525741114709,-17.9064685368307,-17.4918534036787,0.571575095476926,12.570146429054,-6.17197961936137,-8.41155749394198
rotation,-40.9399593026215,-13.1247260496181,-9.53251584266536,-24.4570782487814,-27.2555259496478,-148.340168256621,-64.4151972187865,-10.0737659507646,-2.72368014838916,4.24302419202912,6.03549985779509,-2.96972984463567,-34.9492528864883,-16.2496141987808,-29.3124436945604,-32.6299642395791,-4.73709616179314,-22.3759050111228,-29.478041441009,-6.61040541691038,0.505172117554047,13.3609947304947,-4.43701974789823,-0.750797136315167
rotation,-52.6409175473337,-11.729539817591,-14.8930523730412,-29.0289608695315,-40.8160343243208,-5.49514654508959,-46.71650803669,-10.5074031018302,-7.62372548347834,3.10286651436647,-10.6674888784625,-4.73241180503079,-7.03151403754132,-12.5128644259248,-5.78362702065176,-53.3830935801676,-34.0939601049821,-49.8556896598449,-28.2763935605318,-5.76736254079841,-39.8404072077633,-48.1634852927439,5.85242994655094,0.911112075187734
rotation,-56.5018785626096,-13.1931407457134,-19.7633739534211,-16.8605329513137,-40.2669671816361,-56.2854529698198,10.7878882677851,0.0140459187991236,-12.6961272709934,-13.9539403650369,-9.95347268650359,-5.43337721355135,-15.5946580749427,-13.2115036895491,-14.3962525102722,-40.5707950957376,-29.5325428043541,-22.8344860740139,-12.2820498915868,2.64545579289477,-10.1085609602682,16.7850931258399,0.343656052201898,1.39603213412795
rotation,-74.1276455015731,-7.44627112691378,-27.9702169413217,-8.60568532901437,-61.8077157200363,-119.529897790336,-37.0624418467353,-10.9801163079602,2.57544728938457,-16.0564360681337,-6.34935452145374,-0.782095692884574,-2.62968677680196,-8.78178754267245,-32.7786064585456,-43.2613299703072,-32.8749659661545,-33.4978870117984,-14.4290503596919,-12.9894695859441,-57.7882122061827,5.83077253603,-3.72274813481025,-43.5719567417919
rotation,-52.9907057174697,-8.66628760391885,-0.191078247827114,-6.51061703805286,-33.6755093026096,-8.49893383128499,-10.2240511414469,-3.86564755252858,-24.9199867976765,-1.80685925428662,1.03884400134989,-1.3643387001438,-37.2013098251698,-4.38913585855756,-35.4474968770946,-35.0672593026782,-28.2771132456488,-47.7007306952616,-19.8262643503123,0.113821343094929,13.2527720369726,-31.7023844439373,-5.4946085735454,-0.592773018374657
rotation,-14.6787542661223,-15.8515391307481,-10.4369498233015,-5.60273590454927,-43.4769231580935,174.138218472302,-52.3690225738318,3.59349507244588,2.5228404358347,-18.6680832934361,-7.37297124441209,9.12493024085166,-48.6458710314197,-23.6423758156921,-7.07647868229093,-48.778661428126,-17.0697281712028,-35.2097240445695,-31.4806594046831,-17.5673304305596,-37.6423131701608,52.5,-2.31279894725579,-1.94080367855273
rotation,-2.45203781340122,-8.90155432708709,-10.7694451487297,-15.0149707635887,-45.4828551528095,-89.4103708016801,-53.7431764436809,-7.11752620139139,-17.1471312104468,-18.5731299243043,-3.65971957834028,-112.603251454084,-55.2335735396292,-14.5012675574953,-5.95270931422917,-40.392484905999,-24.8313833434198,-49.7885399360989,-23.944810957299,-1.26758124455299,3.36257316390732,11.5413788906079,3.35690114800048,-0.43920996472642
rotation,-16.6286178980573,1.50271117411958,-7.82104481013483,-10.98296611928,-48.8746660629742,-24.7767921277783,2.60891482668707,4.00405363304449,-22.8141283055589,-7.18609474847734,-0.59853582153166,2.11953551912971,-21.5660083484339,-10.0618241919223,-33.2218792813931,-49.3685894661884,-17.676759837702,-47.2700177228968,-3.47625986137289,-15.9478529128742,-81.462622784531,-18.5445403394105,1.39552319870621,6.37547458315718
rotation,-65.7975315954834,-10.8179007941409,-21.0910321821283,-23.1562796681943,-41.9294184940113,-70.9173866980407,-14.923052684232,-1.84934358229484,-27.9057143511653,-0.349709427923444,-8.55602863501137,1.38498934309331,-67.2699794324787,-12.2566279413838,-1.45682205656872,-50.6695426419317,-45.1885456481686,-32.9830339699304,-24.0812514711761,-16.5994666954472,-48.3796554422094,-10.3894849014412,-2.61485406414673,-1.55759301188677
rotation,-73.6224120238347,-5.73172350100534,-4.29342491136656,-69.8540585522401,-45.985393862335,-49.0748190699303,-29.3627662829338,0.966818252883344,-36.683258249562,4.02763058514362,-3.71936219555103,-4.5070310428358,-32.0088472314465,-7.51090464942879,5.49007159508048,-40.1587519741713,-40.6459825991049,-59.4284249045231,-27.7626547962141,-12.7385731490265,5.28587847394346,16.5643322341132,6.34076136618135,-3.89091082103193
rotation,-29.1954732445933,-2.92256768935181,-9.34194772550036,-35.0294780889812,-45.4443788163169,-104.857482410758,-32.4833555135942,-4.70357556190197,-8.92419109567807,-19.5808559261184,-23.295850079679,-4.86176665361609,-5.73991555761367,-19.157199862264,-47.0041875547249,-34.9229113683585,-31.7110811253547,-96.8964624717506,-7.31339588487254,-18.2992405923375,-52.0965755254942,55.5606682273927,3.96301586704289,-9.9638554636698
rotation,-79.8463215852497,2.71380352048761,-12.0670303260694,-20.247332458031,-46.2371823057269,-176.298828906602,-36.8833917123816,-5.68283432729667,-4.1841467701902,-23.9039077075499,-3.51686362800724,-12.9282589207511,-17.5412819668641,-2.33096353485385,-72.863395337695,-41.5362227393495,-15.825887777375,-80.0230778425848,-16.7525256671117,-27.4611558046634,-19.634757830395,-22.6550405667979,3.17429206363679,0.207924873614577
rotation,-71.9436292503517,-12.3951904666467,-11.1783002388396,-49.0456649572445,-47.224157154936,-71.2820940976101,-92.2542863650617,-3.56195359733883,-12.8793722078299,-21.6320813055879,-7.78846828176832,-7.32267885837121,-1.22295978436541,-7.83159562168263,-41.1108608452999,-46.1222397612498,-42.296920007646,-76.6027223988697,-29.0244449891145,-19.9846051782368,3.05487523953606,10.4208751707411,-5.38141667573541,-3.79155370812782
rotation,-55.1551415009451,-4.85061595917935,-26.1034826582005,-27.2238057578666,-25.1524050044971,-18.7519977051926,-39.5021206512656,-9.60624966768208,-24.5207887152899,12.7610189102211,-38.5954773508316,-18.6112563591249,-6.33371239608114,-11.132206871,-30.6098660853897,-37.1362585379418,-54.9520648697154,-48.5568042688367,-35.8893395563231,-23.6911155314495,-79.6919469374612,29.5589603162387,4.93127439988551,-6.02204528144923
rotation,-52.1498071423423,-0.234774392410784,-9.58226778849695,0.920024985327525,-41.3769434428834,-149.439115570699,-73.5612721581923,-9.55799538009639,-13.3291550712033,-6.08700040516003,-2.14537938549993,-4.72679660106722,-16.9255707229066,-16.0057756695195,7.50228976169222,-49.8943081411315,-40.0400457379814,-28.1532327313006,-7.67678014175065,-15.5528158191592,-39.8957175613033,-11.6078370104554,-2.05268282710411,-9.5053914264546
rotation,-147.537472652958,1.61990028153441,-22.1148793784186,-8.85445906357887,-39.5825922346736,-7.59356137147014,-76.5102352762653,8.7512115713982,-15.0904408846367,-0.407659262288551,-28.2199283387955,-28.419015437251,-29.8476224899512,82.6107326813039,-1.85332597626351,-54.3804470904387,-30.6472047397983,-107.682006258375,-13.4459277443197,-15.6391262335079,-78.2087239562185,-43.8127206915807,-6.95069491741337,-2.11201318377986
rotation,-60.7661141982223,0.346473115139524,-28.2260126549899,-8.1214585457222,-34.0193959829773,-155.189382482839,-113.679929280054,-8.68380215498986,-41.4313348179242,3.65483220258342,-6.74535728925161,-11.2392952754,-38.4197311708901,-8.27407676183294,-7.17678401683923,-41.4383506484148,-24.3263046695377,-34.4116620365834,-20.4279018549307,-14.9140528986366,-41.9706075425924,49.7664264603708,0.715247344010244,-1.25316124566717
rotation,-48.3515984412298,-5.37900644979947,-10.3955588537286,-35.7373229167391,-40.8664910312604,-17.0792999538483,-44.4554388275008,-16.5453504972294,-13.0371100322063,-1.86309901038705,-0.335695468123318,-3.0028936755948,-42.100148672583,-14.9226214152436,9.84490289068146,-51.072314496138,-18.4368752996342,-61.5182294397509,-10.1506632143298,-12.3755330624698,-66.2426740258656,-7.01927036263333,9.55859126661542,-12.2246742752891
rotation,-113.502385094836,-12.0821491930466,-5.58574667411586,-6.8243479981209,-43.315763837197,-23.3523387975478,-39.208825013728,-0.346473115139505,-4.63713386713385,-16.387393048086,-8.16596673863748,-2.25494684911154,-34.1104274903267,-7.18603983513976,-15.9477636230757,-36.1500154943371,-25.8793792909069,-46.9551661868053,-8.07212686516906,-16.3918540109021,-0.766660320612881,-54.6635204398347,-6.61336351150131,-33.0318047048434
rotation,-44.5552174151149,-5.81349289588869,0.250391101445601,-11.0447553924712,-42.1956768088624,-16.7600619554227,-55.999663150663,1.24353684889871,-16.3491267685918,14.4701594184964,-15.7647611600173,-15.1671124278146,-33.3297465159094,-2.37654941637021,-3.93519901452488,-20.5291136106691,-32.2654005334815,-23.9541785158921,-35.7213657041906,-54.0179639537933,-107.397383460592,6.81926308191635,-1.94158397405285,0.399746663225387
rotation,-53.1414189641624,-28.2416511144966,-11.7573422365433,-14.3362467845516,-42.5135667952201,-106.924827717842,-5.99722767702622,-11.2534555857659,-30.2097731394191,0.0336514566049092,-0.714163092406166,-10.3814971205294,-30.5494881839031,-11.253002760206,-1.05828446783636,-42.2033945764671,-24.141884077736,-68.2506163992498,-43.5520265362484,-27.389122089251,-49.3312689583671,-36.6490401143872,4.15736332989815,-4.18907627087839
rotation,-88.2975219302876,-5.95202288833167,-14.4736973018004,-10.7186140416673,-31.2233380268092,-19.2430241920291,-55.7796931187415,-49.6484081323003,-41.8968754570234,-6.79400425865059,-10.1160472471265,-6.57145572844231,-28.317376690668,-11.5710476983366,-1.41309767650111,-42.75164205369,-29.3849725069085,-52.6622992247236,-33.7761709073325,-22.6308582910789,1.60947101230387,16.3006664896432,-1.96673294343933,7.14186692633186
rotation,-61.5259520014666,-4.69597088486024,-19.0938342708458,-63.5239138778241,-45.9385732975839,-23.8282576130585,-0.538279577826568,-3.99454309109966,-46.7789400104908,26.5111179063527,-65.213187719677,-9.60866465211961,-40.8124574524591,-11.0221996866276,-11.390145458422,-36.1009657684742,-40.017493115727,-65.847637933664,-39.0762380423996,-35.7254549313442,21.9916619215484,19.966414894331,4.71230523942135,11.0209688496761
rotation,-2.76355573428138,-8.01962262591957,-13.3800997184656,-20.082184227665,-51.0015958558795,-24.4993120031468,-5.26108810328887,-5.14594144775988,-13.6930691478073,-27.9109738956707,4.14664343900457,-4.11189902855851,-33.6594098681646,-0.837183803188616,-0.496875982428871,-42.4825770099355,-12.1214257756297,-61.5575339188175,-1.05420115954598,-10.7303275448469,-81.2513864134111,-25.3530481097161,0.41947431673954,-8.49734562119453
rotation,-22.7600484716587,55.4369498233015,-13.3325941660549,-75.0296857167993,-58.9994312610704,-14.642972798163,-11.1218461597586,-3.11606768782491,-9.66743394042694,-15.4110802788439,-5.5590668666449,-8.36187943835754,-37.4152700548893,-19.051896753466,3.49727255488754,-39.4953526076818,-32.3867258629362,-93.0402296978123,-37.8593647173457,-31.6599623099713,15.0712389706147,-31.2470558819723,-0.94954391403717,-5.99543940682845
rotation,-80.5461528028457,6.41733683095115,-12.6279058374196,-3.47328440649232,-44.5138154043357,-20.2640179080948,-7.06031300574304,3.0833400789279,-42.5819509488629,8.94809945563355,4.94566702006934,-12.0647681729323,-18.6471249655987,-7.14800510298095,-6.15995832573018,-30.6297453460105,-31.65624060533,-52.255017098177,-61.3755836412264,-6.18080850501212,-19.1938038388949,28.6161561321311,1.15109091172593,0.0108277541339762
rotation,-15.9866791851418,-124.107523660752,-20.8639703185814,-12.0302701553643,-37.6354527441632,-24.2044452445127,2.27605179599774,-0.799077608970714,-3.47156250611642,11.7727708788068,1.58509829991942,4.63713386713386,-15.2096251696312,-0.65979881306076,21.5556466101913,-28.318099620955,-28.9742826542519,-72.9943606412868,-11.9897164456334,-13.4967715780467,-0.957420268844224,18.3408738272931,-5.26193499304126,4.37788622829575
rotation,-33.2665630157245,-2.57215255354288,-3.94426562392596,-17.5098455886841,-37.695347919583,-43.4468630539735,-18.3362261113512,-5.74067237449686,-43.2833536730806,-17.757826342193,-0.14734491766917,-12.7421068155631,-19.7284811265877,4.03940831327425,-14.4309532876453,-44.0197457108812,-46.8908773916992,-54.0745345000329,-39.3425925116874,-18.7827159165628,2.21706803302851,-34.1642627623348,-22.0240110004074,-0.955347026727824
rotation,-2.77816261816365,4.85009666640668,-13.9979005878885,-12.9109738956707,-0.566101628657095,140.809474816411,0.654246978564123,-3.49651002204924,-29.9140528986366,-21.4742785223315,3.03877615139865,0.965560443677216,-41.3113109142726,-1.69569878971276,-18.521727484967,-41.0578481599997,-17.1291729142773,-36.5791793891479,-19.4459038866983,-13.0202340411834,-45.4987324425047,-3.42344734487492,-1.33634619006789,0.382606989498746
rotation,-14.3834695736596,-6.68371840839714,-19.9740296442414,-16.7199044837851,-10.9688436111851,-47.3424947459126,-6.40784907108741,-8.54457734384546,-37.4361432583396,-9.63321921102223,-1.38435269178438,0.614855752905605,-42.3219792689134,-31.8858871051544,-4.44546100006469,-38.1250203580951,-20.9253940233047,-46.5645471974877,-23.9322301391615,-15.8549057109178,-20.3950964324911,-55.3283264083445,-10.4438723635879,6.51664954477787
rotation,-47.7415729365382,-9.85586445642545,-13.0912455472066,-18.3446812094476,-44.267773347387,-26.1292201815408,-15.07571055953,-4.11363550653535,-10.2438111566178,0.697291946838994,1.2837991001513,-8.05520581324385,-40.2081290905378,104.590236222489,-2.3023006933798,-46.3690419536972,-34.8867451810288,-54.8955531196753,-34.3755592635925,-44.8921359448795,-7.71116023065538,-11.5332186107438,-6.57228421141204,-12.1551149730622
rotation,-82.2753012333557,155.944358573737,-19.5868142958801,-24.5215378315638,-53.1057234970076,-179.638470194087,-4.86726711383472,-8.86935038479361,-6.21030760454991,-4.30929177580078,-17.1980498534968,-20.4784621684362,-32.5467058160257,1.26121934000865,1.44921776983869,-44.5559616652179,-31.3477501233337,-50.773334522082,-18.4037169200181,-12.0361974906027,0.555204148868045,13.0962751597235,-3.0195650304553,0.662650489273901
rotation,-32.4266978542032,-18.7519977051926,-12.3090383513881,-55.0729480520248,-43.3865191548613,-19.0697899625485,-15.1515494728801,3.37046660182786,-28.3371669983949,-9.60866465211961,-7.9433272428092,-6.55564661019133,-40.6941249865087,-3.44233563885043,-9.33821841782515,-38.3892205551846,-17.5459449728125,-24.7901143417691,0.587160983003633,-2.44720665100177,-15.4968117982758,-9.97264034931836,-2.0905003637352,-37.4356310208627
rotation,-4.83785052237626,-5.32871014012353,-13.0971138255676,-11.6623105828005,-37.3089212038322,-137.477144266062,-31.2845014801971,-11.2699010947009,-6.2392670966232,-5.37487679540536,-15.5697210428782,9.6885795223499,-29.6170181160713,-4.70101587063674,-15.9574202688442,-32.0645644299541,-25.2346320504804,-53.9695995770516,-23.0309722855381,64.1123687915942,-2.66179066773953,-7.34742588852905,0.146895620192726,-3.4328423965924
rotation,-33.72297253408,-0.0561045402625258,-22.2624529621925,-12.3727776433546,-34.8941709872767,-16.3897368171093,3.93077279645326,7.30369322568922,-11.3105153603132,-14.7994238908016,-13.7340957638879,-7.79725910218738,-42.4258461839693,-5.81244237352757,-1.85857701521119,-48.5275040592493,-33.9307727964532,-46.1026601355059,-28.3362505423858,-11.1663943642262,2.86585885459335,1.39603213412795,-4.68012858957241,6.01653659545753
rotation,-11.8230131851882,-49.0276305851436,-18.0122681341723,-24.9871426622648,-35.8060467980263,-158.317796101684,-46.8621464529599,-4.10351477732187,-17.3385705552237,-28.1452530559665,-8.43123630823057,-5.76349199772489,-31.9240465445604,-2.60582503362422,-1.64921617590232,-39.0627875190022,-18.4755046510866,-63.71611802115,-35.60145185144,-23.2107733851552,6.27089186207776,30.3462816519736,-1.05668003381578,-9.33655494059619
rotation,-69.1532132328654,-19.6065457956507,-7.92352131770905,-9.76848945333524,-38.0744342811092,160.554823755091,-18.2825601850901,0.355838282195527,-40.8067927562864,-12.3177607270117,-3.22951748213006,-3.47599116369571,-33.768604618602,-5.69254747100068,9.03531708216339,-43.4639627692493,-21.5450509940585,-43.7693554981416,-2.94801353411067,-19.7182224914938,4.17846016987749,-8.30128309287774,3.11208749670912,-8.18680118553817
rotation,-34.5875073819856,-38.7379142641693,-21.3117177845637,-26.7880961237581,-53.1430228441438,-28.7198470027572,-6.36819602076704,0.553474929326191,-22.1510743709041,-5.09010216149111,-5.904262432588,-17.7758788912279,-41.1242383298994,-12.32708395196,-10.9774901688058,-38.8544590635789,-16.4074900220764,-27.9669918884056,-27.4476833351372,-21.9458062300432,-17.875296260227,-6.10468409993108,-5.21960245324523,0.104076467112534
rotation,-11.5599290400087,-45.8689841988826,-16.389205695332,-17.5811400961468,-52.7709338741256,-18.4827398212455,-14.2633990043029,-6.398658372813,-10.8625749553415,-23.844384284398,-5.19885238037393,2.46764625441494,-35.1151864735008,-7.17814835618337,-17.9876994721597,-42.2123741541472,-22.2579992793444,-38.5063116406793,-22.4920700252399,-10.51030296827,-11.7787538331834,-32.9144415357774,-0.14734491766917,-12.4313737587571
rotation,-19.800929601803,-6.00138663930953,-20.7231221822465,-1.55285957959986,-38.7429482457182,-8.59439727353058,-74.3892011186626,-7.05391716858335,-27.0128808334327,-12.3324287595078,-9.8930895875588,-11.479118997629,-34.1518693761077,-0.992324496094288,-9.17424740575815,-35.8731023961224,-23.8613633534433,-51.6638748094622,-60.7806140697929,-16.1524476405557,-0.31333433640987,30.613855492416,-0.899374686276719,-4.65049641979266
rotation,-22.3327956732655,-35.3375164574364,-19.7079338351936,-16.0934820639006,-31.7433206467636,-9.42178163262671,-19.8964660074362,-4.53333259020024,-37.3789698278509,-20.0618878761714,-9.70139298871803,-12.4313078136444,-45.6042760363226,-13.8831453290231,3.50878210790933,-57.2337002252384,-9.51032553510513,-71.2172840834372,-56.8123908029217,-14.8557888868903,-0.670295620183773,-13.195480094285,-1.48635066532851,-0.125156718976419
rotation,-65.9609985839593,-21.9278731348309,-10.9166977805061,-12.1986796781488,-43.6153486271499,-44.9742067719651,-20.3903862197059,-5.10432062079275,-36.9653856125958,-13.7186970929986,-4.95898018751062,-4.9921469572968,-15.2651608911367,1.01833264696967,-8.45912512856828,-43.471721116347,-30.9816982198133,-42.7760649246808,-22.4937451068418,-17.676759837702,-1.90679729747812,-24.6241233381989,2.02647201113538,0.766441253702081
rotation,-36.9028810534468,-13.4096065229076,-27.1543625939909,-14.2944622885555,-29.1028509132224,157.334342743963,-66.343438882834,-10.7183166729511,-11.0166246416759,-11.2613543778018,-4.51066503064343,-23.0820331040889,-30.8863023822695,-14.2858369075938,-6.43675242138227,-37.6896657499685,-26.5304945836592,-67.0804678525384,-15.6751597918293,39.9286545692108,-14.364674205229,24.4273367353406,-1.20789389987251,-6.13585434997454
rotation,-124.643129607498,-5.00973199804599,-21.4684585658559,-10.7054933462665,-41.2979349953505,-26.1656706192167,-54.4473154357155,-6.33080093965314,-24.1652636386595,-22.3375164718371,-2.00018625249813,3.40371692001815,-35.3238706014834,-2.33779513835799,-12.0085486339909,-41.1118650132008,-10.8982483305803,-58.9325212756058,-6.80795505718187,-25.2785045092585,-0.657692750347747,40.2566610663311,0.125156718976433,-2.94241787073765
rotation,-36.2727193612763,-18.1537871603204,-21.3041546037525,-22.4341774493876,-30.3253909184308,-14.6535268848605,-19.7353040862193,8.33851428067514,-7.18447419202029,-12.3700357604209,0.983708742904038,-9.07393041263568,-33.885812063811,-1.79697402535525,-17.2811525074807,-41.5835279026237,-3.39216298954462,-51.384498254577,-24.1947136394609,-23.6441499849827,9.27536479974564,1.0588360174615,-0.138011360520016,1.70718156537318
rotation,117.8114906548,-29.9972154949802,-16.0582844678364,-14.3937808803558,-13.7709483840188,-153.470665579182,-0.216130555309431,-5.58513374941273,-42.200024001807,-17.0965753838565,-6.45781346323139,-3.74730819557618,-29.8791757870518,-5.35878195952848,-9.11918120509822,-42.8864870512888,-33.0625573976829,-67.1044858300404,-29.9316687364337,-68.0803223782468,-0.176098564053262,-0.199096407208586,-5.61658915916786,-5.76736254079841
rotation,-52.6446697722009,-32.7707524028726,-27.3011515351111,-26.0470735691835,-43.9146210299595,-25.4344344011693,-0.324115713470767,-14.0107579993971,-30.7347792099539,-11.6591261727069,-8.99529333758135,-5.86914617966301,-31.2825678395877,-14.2948906189021,-9.83253782552723,-34.6109611037549,-26.7960537555051,-52.6049689782763,-50.8844542375559,-44.0506905248157,7.41823697274974,13.4712998111603,-3.01877079442003,-9.86343810330287
rotation,-58.7635931508585,-21.6425446292963,-17.4396135302818,-18.1681292759884,-42.6087343856578,-27.8291306230192,21.5121591571714,-22.5147736832828,-20.2209917926005,-21.0169990466954,-5.006190644455,-14.9553950050703,-30.6406725461874,2.83970565107353,-6.88168625998837,-37.8245829809906,-32.8831982628813,-49.7162659591268,-24.5122507877652,-12.7368039986725,-8.70276843211009,-49.7891307609928,-3.25454162093306,-0.766933832315808
rotation,-33.2472233625317,-24.4384214309702,-25.4059272997535,-19.6065457956507,-35.3788910328987,-30.9984139599811,-17.3412443551676,4.17988498627323,-13.7349420160225,-18.22951748213,-3.80479417196583,-17.2719467059733,-37.3189374700035,7.98868991069391,18.2904883562115,-47.6617906677395,-35.8978229215133,-29.1564749198284,-18.8637294525693,-5.36002649424761,-8.35095988561283,-36.0870189673038,-2.28203460515401,-2.30671062949019
rotation,-74.3932693482161,-20.306409244421,-17.5528699934505,-13.8117961621645,-39.3992906518421,-8.9224105089854,-87.1195687435721,-6.03060458878353,-27.5710726328878,-18.7288343531624,-40.5644342466165,-10.6872873399978,-35.3913353478804,0.518228014334931,-0.145507598582459,-47.4891380287203,-16.3315337691088,-72.3708105645976,-27.4475999341105,-20.217983506154,-11.6258888065376,14.1820486502826,6.53843926578548,5.65745369467308
rotation,-60.07571055953,-21.3540776131697,-18.9309828644223,-47.5556127595672,-47.3401334310234,-31.5156928931357,-13.0189075798685,-1.22451324306943,-63.6210098478646,-19.8959403101905,3.35683258691097,0.150468710112876,-35.5313940599464,-5.16746217447276,-8.42864332139204,-53.0266900896804,-26.5547538285544,-46.6076126961086,-33.01877079442,-21.1209658022241,7.94599736933296,45.8979459455366,-3.87466606297422,-2.61138060894447
rotation,-102.623799325625,-23.6298807461705,-15.3683763054838,-3.21823790377715,-46.5027111741196,-21.8577269885675,-12.2430973262509,-7.62139522034,-18.7739618329424,-13.6953525717089,-1.5805930951018,-21.1428925305415,-36.1953469672415,-7.13322889501158,-11.6498727003469,-25.7041881566854,-24.3074525289993,-49.1784601698775,-50.5580442795723,-22.6866510573968,-17.6786073067775,-21.6920438126882,0.740236781828693,-3.15170871868545
rotation,-17.078958484974,-18.9925252931673,-24.7435650220255,-10.3563181135593,-21.0737721383828,-43.9590310577897,-13.1425567188595,-5.5892976866671,-37.3112306967192,9.42009037059609,-4.88498795059297,-4.95759216319361,-25.4369498233015,-1.95650228792283,-4.36676368220361,-43.1578954103659,-21.7131358856973,-63.0999286920358,-27.8215280970776,-6.54505099405854,6.2763556403874,30.7828855946021,-1.42126012706067,5.16586732708071
rotation,-40.3840676066284,-1.63915315851284,-23.958320528372,-28.1348246255758,-43.8859987983087,-34.2440883866995,-23.5383906850434,-6.46616125489923,-30.4975104674391,-16.7735748942575,2.67319242929676,3.21280006357246,-42.2594471545087,-11.7636169993874,-12.0774323106482,-44.6896152841849,-17.640855323585,-68.3478419049896,-57.2364442657186,-33.3004754318945,-18.6958726401962,-33.6086767361411,-5.55157248096542,-29.8542481029518
rotation,-59.2024292751625,-19.10482656869,-26.5460001635028,1.72190790963804,-36.1955045714693,-17.503603467225,-8.27228443592951,9.19610506384983,-42.921041515026,-31.7903033105613,-15.3270274425787,-40.0111524880582,-77.1845910674079,-6.83639160205691,-13.9343781583823,-31.3218282400746,-28.372591784514,-75.0408136627888,-43.6003104830839,-15.9340331045045,6.10592206289691,9.29210855065235,5.31537608492091,2.31079823057555
rotation,-78.1858694107976,-14.2096426962252,-22.3313253453533,-0.941989844127286,-32.0960196689377,-80.9126115241674,-3.65983321453395,-2.90339463988765,-41.9787648292318,-18.2131598795883,10.9792272654197,-38.8050597161415,-28.6737234569354,-6.14924295540703,2.09279122734354,-44.1820486502826,-25.3820124057334,-70.1389334926874,-67.2189479816553,-4.25110087412962,-8.06420528400341,-5.21960245324523,-12.9000066154669,0.213333686615763
rotation,-19.7386983440884,-31.7715411116191,-17.5844849800178,-15.534138673057,-32.6705945522467,-96.1045495377141,-6.02734034509272,-10.3370573272734,-21.4017467651896,-14.3244244906154,-2.29784366993299,1.5208048884442,-36.7749670808561,2.42263798359046,-2.06796232255913,-43.0741117765527,-12.4142163943489,-37.1723391601577,-37.3577125497085,-14.3060735426302,11.5184861168642,41.9671590613893,-0.853936432812467,-6.39860049064971
rotation,-44.7270017718883,2.95080562934108,-23.3689759134845,0.0554413318019836,-37.5,-99.6005437702373,-7.84381748331567,6.54074980785489,-22.5365959870427,-2.79997599819299,-26.7517591435116,-18.7271687746721,-16.5320592437944,-8.85420599577216,1.06661094701155,-47.757826342193,-16.9099829823978,-55.6459825991049,-49.2714599824362,-24.2547626484369,-2.54476111800031,-42.6143024335165,-3.13804367127917,-10.9893967328646
rotation,3.71936219555105,-11.0101695633352,-4.79238353538196,3.3015855382417,-55.197377639634,-157.230256893189,-1.94158397405285,-0.797513330844984,-19.8257908845187,-26.4813221239836,5.66903260889492,-13.9790294687889,-45.8594242795052,-2.90373742046623,-19.1976420083346,-42.8874654465776,-22.8422193102874,-51.5320874067256,-63.4374580064627,-32.8522848286543,-4.27131114669629,23.8493945228018,-15.2082998751539,-12.1127987041088
rotation,-79.1305599413796,-9.081483726553,-9.7258584388424,-9.43476887404831,-54.4058770195639,-12.8453245151664,-29.0876896439784,-6.64956129480941,-39.4162019846427,-24.1554516651312,3.69545139694206,-4.47804044086722,-21.0823329060808,11.1196867078845,-7.34537983227756,-37.6033555936184,-13.4354528025123,-40.8179007941409,-30.3025513872817,-19.5756529372303,-8.94214130287038,-16.3095733555377,-0.26639187148472,0.802845509653111
rotation,-33.6014349351937,-16.8754145354103,-14.9700982913301,-7.56436897913725,-33.5589163107767,-20.8166047017488,-15.388848414488,1.02613294288858,-12.9735279888646,-18.8803132921155,5.01670158864632,3.00419865594442,-72.9100803972562,-28.9325212756058,-14.1899928788605,-40.6309536020638,-17.3055516589823,-43.2336203759698,-36.9359287259291,-14.5903071915089,-2.76512707392346,51.3968642499159,-5.02944300255796,-2.94801353411067
rotation,-82.0501362152913,-15.5881575814663,-20.8679834400164,-10.5840404734038,-55.2774780204288,-46.1673296016444,-29.6350589198258,-10.5624927086508,-33.4900691799595,-25.5877031984683,0.119201735075385,-14.0133208148581,-46.3289672842922,1.20456077926036,7.15675780318483,-44.8741322532719,-12.2552199485219,-40.8358177729616,-41.9408075939236,-14.5441278490047,9.20444524451276,3.29006636888349,-0.429970253966373,-0.119492908381141
rotation,-88.6479532764513,-5.31779786396154,-40.1493840408206,-11.9671590613893,-38.0915280145462,-33.5694531011641,-16.6058096215928,-15.657904087724,-37.3335212663858,-27.6832265806718,-66.4056338422422,-35.6090257917454,-32.503603467225,-15.6932943831339,-5.50068799685324,-45.1442111131097,-16.7303338768352,-44.7308561009874,-47.1756426015666,-13.9228334893342,-15.2261415192927,-33.199421315441,-5.73042762354543,-2.27721123026979
rotation,-56.6706325965776,-12.2154872259902,-24.5805233822681,1.62832169922495,-77.2144918385778,-8.50071016558737,-11.6943103383091,2.82043429254152,-36.6107812933896,-23.9511508121969,4.19607398310349,7.18178024369526,-27.3449747870226,-29.300553958427,2.31825569481404,-39.9832984113537,-28.0256051212269,-66.0436702779673,-25.3691797077664,-21.958683790839,-3.57817894022455,-25.3820124057334,-34.6802165388793,-13.9312288185923
rotation,-59.9226558349122,-5.77270648698595,-17.2177630012398,-39.1327933975068,-55.3728238740261,-21.845040471245,-32.6001284669922,0.243374904414978,-43.4740188841177,-17.4674178361267,0.296833744178096,-4.44192337843674,-64.8592848572422,-11.9681952951565,-4.00770852159005,-51.9535629323506,-40.4893349693565,-91.0107673805034,-42.4286876712395,-56.5182701652972,-5.69254747100068,30.5703450336716,-8.28817284513453,-32.1291729142773
rotation,-94.2676906385201,3.72588560337403,-11.6374268360927,-3.61362157605865,-63.0169468961509,-19.5677862208832,-21.7192301411652,9.16412773111641,-11.7483447144565,-15.635325794771,-0.180222359389629,-4.80645656315414,-17.7758788912279,-1.87203606000147,-7.59801310788872,-26.2320032080157,-20.6927152912605,-48.1485580070023,-31.2608769900937,-19.9575921631936,-0.925236637492636,5.14594144775988,-3.8124460337292,-1.83765167054513
rotation,-35.5882747685616,-4.95781910139767,-43.6805654333473,-17.224157154936,-52.6683475411962,-6.51541318471963,-7.06672670199775,4.7788557985301,-40.7424228805174,-14.5923407377114,-16.986901432353,-2.96566904584999,-26.7186592186926,-10.523549188942,-21.331459636941,-55.3429519618515,-21.9445426114175,-91.2785012185392,-66.725923238167,-18.3723056054252,-9.92974337671754,-24.4142533258841,-1.4934651446511,-3.99848690619972
rotation,-71.8508063591453,-6.81715793844035,-8.48299947766843,-0.4709491239661,-51.5003063130166,-76.8077157200363,-16.9045182265008,-8.77094708607141,-33.3004754318945,-26.7731122813813,2.58522847907842,-21.5616125691297,-79.1615296306441,NA,-17.254130019165,-45.1885456481686,-14.3613809605342,-48.2976048584462,-44.5987642055755,-21.0272240480415,-9.28045733046677,-29.9184143357816,0.996513525478887,1.31752089648978
rotation,-43.1300775169281,-14.828899739223,7.17124530365232,-25.5798728988618,-56.3264426564231,-26.5814595164085,-14.2664903598606,-6.64467123057024,-32.3211561270233,-21.0484420835569,7.10891221857755,-17.1358916724409,-15.4092329761429,-8.1590856510119,-14.8378791222354,-53.0294243500842,-26.2413608177488,-44.3698826447615,-27.0653932935036,-37.8838022161769,2.39777734965097,-35.8497514408084,-1.8272039787377,-0.66265048927388
rotation,-64.8641939017103,-14.4400879179851,-24.6086646521196,-13.8397914155996,-72.0493113021487,-42.3348135139097,-14.0743567467506,-8.6153003915663,-40.3838196961611,-18.6401120767112,-6.34349716381642,-0.993687824924069,-107.110830347689,-12.1845458869568,-5.68283432729667,-26.7585855215188,-21.7236433791276,-49.5568315664021,-33.6852904151666,-41.1949122771798,3.05309860019008,19.9489275104201,-0.212526773893505,-3.74735469368392
rotation,-102.559314754483,4.30835590486322,-28.1369009896129,2.17383793799975,-62.4621303818784,-12.7504939094036,-14.2805601480446,5.42623587214219,-13.8379011689062,-32.1203723248003,-7.67128412221499,-66.4227738114253,-59.1899928788605,-12.5077584509779,-4.26971694287349,-56.7660066351011,-43.3228310650367,-74.1134658259602,-39.4050713778935,-26.6859629284238,-12.17089872472,-30.390186560606,-0.25407093795892,-2.94648447919119
rotation,-39.5504880448186,4.10482656869004,-11.0884359858078,-13.6156473082156,-51.6707024297587,-106.779073940266,-17.3239935027215,5.77935387694169,-36.3084393118572,-19.4419233784367,-9.3389421913986,-21.8964624717505,-54.3641246810197,-3.5654509393494,8.76349314255018,-48.3747995716692,-23.6838021549898,-40.4275560355131,-61.6131302125872,-22.3226788583712,-0.966567271248458,19.8607244260203,-7.65237858112979,-4.94708945609811
counter,-126.629551549977,-0.761649295325149,-9.79946599210439,-6.52641224963287,-50.4106171877712,-66.0997927917936,-12.9111803775775,1.93698611131527,-15.6697412191999,-19.0798253107516,-1.1432797478841,-7.55283958934216,-75.6372337170661,2.64991844566292,5.65240760171806,37.4672036325416,-26.0029611572006,-67.8898830544894,-14.2717782118382,-21.4881487222216,-6.07231449613804,27.1115386682222,-1.86644754952252,-3.59149530788227
counter,-17.1571220509754,10.6863750726577,-8.89943340475752,-8.02456403693857,-32.6899793222756,-98.9868859518947,-13.8777602387502,13.9557443676516,-14.6002533367746,-9.07899306186071,1.80511552965619,-5.22891508641146,-25.7034935091147,1.38408369629281,-2.73606791914534,38.0038778923205,-7.33146904702178,-27.7995754348116,-7.16513723110671,-18.4762598613729,3.63397726415142,-23.6247866884876,0.366386289803467,-5.47846216843621
counter,-110.189746310921,-1.26619606473493,10.7026085446849,1.9078601413475,-37.948216410764,-61.7612784137326,-1.71483658250574,-3.58232202150435,0.600472144702567,-5.26863798455068,0.766042657795922,-11.7869031603262,-3.00782492939164,-0.0187201034349822,5.71623288795111,35.5840599501258,0.0844170243136894,-38.5009615287405,27.0453979327413,-11.5151015011607,-3.46933699898482,-7.66647873361423,7.86765015537562,-9.46043095746825
counter,-36.7146889768666,8.41781246699291,-20.1145260122794,3.34838598575118,-96.8369920374188,-117.153812391487,-9.36581550506456,11.1771875771498,-11.9102214858551,6.44345228794997,1.54250791635377,3.70372555334658,19.3453735475038,-2.02606128496027,-0.300158873762152,61.052035988084,-7.20130982516982,-45.4829635477079,22.0121844820915,-9.07900086173836,8.34464923067467,-2.57544153674753,4.70419796451644,2.31657130830708
counter,-39.9754787187201,2.86062369854362,-0.862514570810223,-1.99833013362037,42.5546204411047,-3.6113285384064,-0.68418515052492,-14.4965152703893,-0.657692750347747,-11.8823205603219,17.8039950670962,2.18487849675959,53.1602369452141,1.1158444495588,2.91651600109611,56.3187382259559,26.0071229887143,-39.1199544275144,51.6757375669206,5.73322703876777,3.64738871394967,16.9743948787731,11.5141222152759,6.61062622370831
counter,109.016538253389,5.55110026392216,-41.6935545096889,-3.99269442696773,45.431781378281,151.37291721546,-6.15995832573018,1.16350542825537,9.56713320372324,12.8895280348005,-4.35288208047931,-1.11811984377118,102.448797112237,-4.3278909050967,8.0694302091531,49.2966030176133,19.0977519493993,-32.9552307940984,-7.03151403754132,-8.5677721737572,11.2539199550242,-15.8968428491236,-1.82252314724948,12.4992019572885
counter,-87.1872312168532,3.77396183294238,-5.03312876330892,-2.48401174450682,48.9457329570685,-146.934373682003,-23.2201517745052,10.4877884825245,0.373326814743801,5.87144592626718,1.32908558367895,11.8384543694425,16.3806591505203,21.6147881352653,-10.5540961133016,46.5850982999194,29.2071386983253,-28.9973744158554,22.1052003390458,-3.09992869203581,4.1216978416803,2.30746621749999,-6.89097186217772,9.37246313275446
counter,68.3432349837826,3.55736466744137,-6.78922661484477,9.23149743545532,41.1456273597848,-23.227628642823,-16.8000756150576,5.56176041469838,-2.69096164861194,8.10131171955424,-5.81244237352757,-1.11780714980263,-1.69226237728943,-0.857303134285303,2.76849859128819,60.8179513497174,5.63172747829573,-30.650833168409,25.6883402758497,-1.76637962403018,-2.23180829667163,36.7021235909146,4.15436298194466,3.57817894022457
errorclamp,86.3397008254872,1.16253577398616,-9.29084482326549,-4.83342720031295,49.8807648652791,-4.2867376021812,3.5889796863851,7.11173154298391,85.4440463499876,-10.2621212328092,-8.11174737138684,5.23488101599533,19.5476840907426,5.33930398211519,3.40771351171932,61.1673569124447,28.3890762678219,-12.6725695806196,30.2462058127684,-3.78644907507715,10.2806647993189,4.15747391280916,2.62446693753022,1.50437060278443
errorclamp,171.385491203733,1.51309027548342,-2.65965532448948,-8.10131171955422,-42.1865244190156,-8.81981253434079,-11.7543117196004,18.8684783536509,-9.80474437158606,-0.226481429624681,-7.20126796349999,-4.83135965663125,-7.3719859090431,-6.52641224963287,5.80604679802628,-0.146895620192707,-4.95110885081856,-12.6386630703074,-2.86812410310907,-5.0226553426926,-1.73511479662663,-9.72524604297818,7.96977587690307,-2.44097235452469
errorclamp,33.6534914614557,2.36320750405509,-15.6508122354217,6.47097923172943,-24.7885714555111,-8.64547542662705,-10.2891948019816,7.9284008692881,-69.3072847087395,7.44458922393927,-9.75173239170061,-5.74360811089251,-7.24892647095827,-0.63316834008301,-9.76120605598069,5.24707798699748,4.35583413649928,-4.74658785998089,-17.2137779190562,-10.0259703557586,8.81343177329854,25.3020176432538,9.74835810714123,6.07377213838282
errorclamp,-2.10657647320374,5.00507533366315,1.61964616478509,-4.14808753549629,-6.12357383353028,-8.53154143414414,-0.0857305159828556,-3.79014660201775,1.75254362331113,-12.7066499603396,-8.41662569704147,1.47017465510555,-4.21625373361403,4.50808355286816,-9.84490289068145,-2.74500350088367,0.699446041573003,-7.58604462002943,-19.9410706054235,-6.05369666874985,8.3361251905378,-7.272971075621,2.00486410344885,-1.67716893496328
errorclamp,-0.284227701545874,8.04708153620694,-5.43967081983808,-3.61467766941125,-12.9622785432927,-7.12057512784122,7.66067164967941,17.0598171616306,0.663753215448405,-3.67839932714507,-5.3517231266346,-2.88720129589116,-6.2365050823925,6.49913060415415,-2.23320190683673,-5.11855844228809,0.602848604352166,-14.7733079757878,4.79621647405727,-3.33450733377803,9.94306440183695,-0.851155733899457,5.68283432729669,18.6245759985378
errorclamp,2.18706671793553,5.19117473128204,-16.1640484780477,-4.94925288648827,-2.39630048285006,-5.46748415733462,-13.7273286908997,-1.7234915097881,-12.7299822771032,-14.3302500002141,-2.4204910773257,-0.498768288825161,-19.7525670625481,0.192379714386446,-9.06037814803677,-1.96742556942974,-4.89997895529749,-8.18284206155963,0.0356395082461963,-5.8766721199079,14.6502905720766,5.38771438965684,-1.07125044529221,0.619766932867089
errorclamp,-7.78677264152471,4.96351694428033,-6.14229450299438,0.397128705052612,-5.86711902681291,-5.07607514332017,-0.639642218381474,-0.649967429968169,-6.85093275468876,-0.365575320321824,-6.41606022662886,-4.58617451801266,4.95102471533751,0.477219502673455,0.227328057167367,-3.95524460752874,2.83195878713203,-5.21485136540476,3.46933699898482,-8.45797137581808,8.34784190498958,-5.51719352477178,-4.91053767051105,4.16645638452794
errorclamp,0.368595249631473,0.342621069778186,-18.8620247148454,4.99592734750589,-3.54601362741305,-10.6190940173997,4.79059579802316,6.20937056993993,18.942600498973,-8.67555353788495,3.09913918610466,-2.8506155842174,-12.2324069300571,7.43682142871736,5.77127477861012,1.64074156622183,-4.31362492734232,5.22004494044249,-8.43739541097252,-8.3079561873118,3.41782092326403,-4.67901879612295,7.50000000000001,6.39258767181269
errorclamp,-7.72406912427166,2.16067450446464,-4.46934130398206,11.7517591435117,-2.89345943554946,-5.09624532736796,1.57811190267132,2.65038340183692,2.46378953984013,-23.0444356627677,-2.41804905113708,-8.55304936065622,-9.63149818425427,-0.728439562337588,-6.15060547719821,-3.54952939140202,9.44842751903458,17.3082345017954,-13.817040177477,-3.07028022901457,2.70625692914956,-3.21070776738201,7.03644317136804,6.68263493693979
errorclamp,5.27116732608488,10.1132548189712,0.921753040885991,-4.01610674213632,-3.07058150598865,-8.42603834031997,-12.2855946098341,-0.611482993592531,-1.32302492882809,10.3150936741367,-4.34870185387189,0.197317656084769,-19.4805851447883,0.917047779827009,-1.98600695150189,-5.31104596099192,-4.44084386779965,-2.13428952094881,10.5004951879948,-6.15894847706009,2.20989249428904,-9.44225083744288,4.44546100006471,-1.77357489425748
errorclamp,-1.70729414580602,12.9550096277492,-15.1910782478271,4.89762028341459,-10.8312601674239,-2.47860958713625,-9.26895609580611,-7.91586334329156,-25.3693350327655,-18.6134199769112,-4.66779812202856,1.46538403637984,-7.78109311633521,2.30555165898231,12.8291306230192,-1.49032606994145,-5.31142047765011,-4.96473824065655,-11.5413942202774,-17.2812802529643,14.4949375596732,-2.56089371096646,5.99687240093593,1.18820383783546
errorclamp,-11.105587888464,5.686627310586,-3.75700369671303,-8.51184967527921,-13.9312288185923,-8.03461438740415,-1.16020858440038,13.3775861768369,-7.31744178577259,0.687659160714388,5.07761886706777,-5.71135514736631,-10.7367545177524,4.44192337843674,-3.46862535543055,-0.264727442917314,-11.7755268138037,4.13693192239834,1.86053295131374,-4.09969067291041,11.265902144662,7.26125292277822,13.2527720369726,4.11743337918316
errorclamp,8.69111553144952,5.50314715111445,-18.7900236723749,-6.36752090946254,-8.31792803326372,-7.93834767115889,-19.3191605319336,-2.60254552692945,7.06081132343418,-16.8720786629706,-1.67327026997079,-7.81620739956803,-17.7434227892288,1.07125044529222,-6.04582339713276,-9.46043095746825,-3.05198245581586,-7.6673526470381,16.8005632177644,-6.09383516079055,10.1794444092647,-13.1348246255758,0.228707828883076,7.60325145408366
errorclamp,-8.68380215498986,1.34378034111076,-23.6357869483326,-8.316741750438,-8.85445906357887,1.46538403637984,4.39029597576661,20.9013527392658,-54.4823017474879,-15.9580004888925,-1.50413289521448,-3.01551770265083,-5.32482855330747,-11.2523906843364,-12.2315014087118,5.47846216843622,-9.270767302203,15.092666638155,-9.37425388074725,-3.74608004497581,-1.44713493364571,-11.2498298383335,0.544423383122651,4.68564974009817
errorclamp,-6.33968038155438,6.73322236894038,-5.79653882208761,2.42020805017966,-6.07231449613804,-4.22601818534987,-8.21267918063791,11.1771875771498,3.4686070125162,-3.54129937094632,3.62018353941143,6.63052854914399,-2.02205955170734,3.70320521497665,12.6391559107467,0.0861875584912254,-6.35899794025545,2.68268746167692,-16.0038810960747,-7.67017131348088,11.2983001133178,-1.70179117223244,0.238034018920289,-0.570122257748089
errorclamp,0.456957576429078,13.387651705186,-5.3582445375716,-1.87553765090274,-0.64674405342969,-5.1558804094268,-5.01427984351708,7.94317401718283,-23.7711730604809,2.02658102263039,3.65686606639336,-7.77574244469088,-2.18182284201647,-0.822999351046829,10.5540961133016,0.0262609621869034,-3.77840190208191,1.39124441448431,-1.37648002082903,-2.25759629361974,8.12658581834592,-2.47860958713625,7.34044545425202,-8.13703971316168
